id,timestamp,benchmark,tbill_return,btc_price,return_1d,return_7d,return_30d
1477,2024-01-31,90tbill_10btc,0.000131389,42941.1,-0.0007,0.0085,0.0051
1478,2024-02-01,90tbill_10btc,0.00013,42580.0,-0.0007,0.0071,0.0
1479,2024-02-02,90tbill_10btc,0.000133611,43082.95,0.0013,0.0086,-0.0006
1480,2024-02-03,90tbill_10btc,0.000133611,43199.99,0.0004,0.0041,0.0044
1481,2024-02-04,90tbill_10btc,0.000133611,43011.1,-0.0003,0.0029,0.001
1482,2024-02-05,90tbill_10btc,0.000135278,42582.88,-0.0009,0.0022,0.0
1483,2024-02-06,90tbill_10btc,0.000133889,42708.7,0.0004,-0.0005,0.0007
1484,2024-02-07,90tbill_10btc,0.000134167,43098.96,0.001,0.0012,0.0017
1485,2024-02-08,90tbill_10btc,0.000134167,44349.6,0.003,0.005,-0.002
1486,2024-02-09,90tbill_10btc,0.000135,45288.66,0.0022,0.006,0.0018
1487,2024-02-10,90tbill_10btc,0.000135,47132.78,0.0042,0.01,0.0046
1488,2024-02-11,90tbill_10btc,0.000135,47751.08,0.0014,0.0119,0.0066
1489,2024-02-12,90tbill_10btc,0.000135278,48300.0,0.0013,0.0143,0.0165
1490,2024-02-13,90tbill_10btc,0.000138611,49917.28,0.0035,0.0177,0.0201
1491,2024-02-14,90tbill_10btc,0.000137222,49699.6,-0.0003,0.0162,0.0227
1492,2024-02-15,90tbill_10btc,0.000136944,51795.17,0.0043,0.0176,0.0255
1493,2024-02-16,90tbill_10btc,0.000138333,51880.01,0.0003,0.0154,0.0239
1494,2024-02-17,90tbill_10btc,0.000138333,52124.1,0.0006,0.0115,0.0255
1495,2024-02-18,90tbill_10btc,0.000138333,51642.64,-0.0008,0.009,0.0286
1496,2024-02-19,90tbill_10btc,0.000138333,52137.68,0.0011,0.0088,0.0288
1497,2024-02-20,90tbill_10btc,0.000138056,51774.74,-0.0006,0.0046,0.0278
1498,2024-02-21,90tbill_10btc,0.000138333,52258.82,0.0011,0.006,0.0293
1499,2024-02-22,90tbill_10btc,0.000139444,51849.38,-0.0007,0.001,0.0347
1500,2024-02-23,90tbill_10btc,0.000138889,51288.42,-0.001,-0.0003,0.0322
1501,2024-02-24,90tbill_10btc,0.000138889,50744.15,-0.0009,-0.0018,0.0302
1502,2024-02-25,90tbill_10btc,0.000138889,51568.21,0.0017,0.0007,0.0327
1503,2024-02-26,90tbill_10btc,0.000139722,51728.85,0.0004,0.0001,0.0274
1504,2024-02-27,90tbill_10btc,0.000139722,54476.48,0.0054,0.0061,0.033
1505,2024-02-28,90tbill_10btc,0.000138889,57037.35,0.0048,0.01,0.0394
1506,2024-02-29,90tbill_10btc,0.000139167,62432.11,0.0096,0.0213,0.0479
1507,2024-03-01,90tbill_10btc,0.000137222,61130.99,-0.002,0.0201,0.0461
1508,2024-03-02,90tbill_10btc,0.000137222,62387.9,0.0022,0.0238,0.0502
1509,2024-03-03,90tbill_10btc,0.000137222,61987.28,-0.0005,0.0211,0.0476
1510,2024-03-04,90tbill_10btc,0.000138333,63113.97,0.0019,0.0229,0.0498
1511,2024-03-05,90tbill_10btc,0.000137222,68245.71,0.0083,0.0261,0.0624
1512,2024-03-06,90tbill_10btc,0.0001375,63724.01,-0.0065,0.0126,0.0534
1513,2024-03-07,90tbill_10btc,0.000136944,66074.04,0.0038,0.0067,0.0584
1514,2024-03-08,90tbill_10btc,0.000136667,66823.18,0.0013,0.0102,0.0588
1515,2024-03-09,90tbill_10btc,0.000136667,68124.2,0.0021,0.0101,0.0573
1516,2024-03-10,90tbill_10btc,0.000136667,68313.28,0.0004,0.0111,0.0546
1517,2024-03-11,90tbill_10btc,0.0001375,68955.88,0.0011,0.0101,0.05
1518,2024-03-12,90tbill_10btc,0.000138889,72078.1,0.0047,0.0065,0.0547
1519,2024-03-13,90tbill_10btc,0.000139167,71452.0,-0.0007,0.013,0.0517
1520,2024-03-14,90tbill_10btc,0.00014,73072.4,0.0024,0.0115,0.0501
1521,2024-03-15,90tbill_10btc,0.000140278,71388.94,-0.0022,0.0077,0.0474
1522,2024-03-16,90tbill_10btc,0.000140278,69499.84,-0.0025,0.0029,0.0379
1523,2024-03-17,90tbill_10btc,0.000140278,65300.64,-0.0059,-0.0035,0.0296
1524,2024-03-18,90tbill_10btc,0.000140556,68393.47,0.0049,0.0001,0.035
1525,2024-03-19,90tbill_10btc,0.000140556,67610.0,-0.001,-0.0053,0.0347
1526,2024-03-20,90tbill_10btc,0.000139167,61937.41,-0.0083,-0.0124,0.0225
1527,2024-03-21,90tbill_10btc,0.000139167,67840.51,0.0097,-0.0063,0.0348
1528,2024-03-22,90tbill_10btc,0.000138333,65501.28,-0.0033,-0.0074,0.0291
1529,2024-03-23,90tbill_10btc,0.000138333,63796.64,-0.0025,-0.0073,0.0268
1530,2024-03-24,90tbill_10btc,0.000138333,63990.02,0.0004,-0.0011,0.0285
1531,2024-03-25,90tbill_10btc,0.000138889,67210.0,0.0052,-0.0009,0.0362
1532,2024-03-26,90tbill_10btc,0.000138889,69880.0,0.0041,0.0042,0.0393
1533,2024-03-27,90tbill_10btc,0.000138611,69987.99,0.0003,0.0139,0.039
1534,2024-03-28,90tbill_10btc,0.000139722,69469.99,-0.0006,0.0033,0.0313
1535,2024-03-29,90tbill_10btc,0.000139722,70780.6,0.002,0.0089,0.0278
1536,2024-03-30,90tbill_10btc,0.000139722,69850.53,-0.0012,0.0104,0.0156
1537,2024-03-31,90tbill_10btc,0.000139722,69582.17,-0.0003,0.0096,0.0176
1538,2024-04-01,90tbill_10btc,0.000140556,71280.0,0.0026,0.0069,0.018
1539,2024-04-02,90tbill_10btc,0.000140278,69649.81,-0.0022,0.0006,0.0161
1540,2024-04-03,90tbill_10btc,0.000139722,65463.99,-0.0059,-0.0056,0.0075
1541,2024-04-04,90tbill_10btc,0.000139,66000.0,0.0009,-0.0042,0.0004
1542,2024-04-05,90tbill_10btc,0.000140278,68487.8,0.004,-0.0024,0.0112
1543,2024-04-06,90tbill_10btc,0.000140278,67820.63,-0.0008,-0.002,0.0064
1544,2024-04-07,90tbill_10btc,0.000140278,68896.0,0.0017,-0.0001,0.0069
1545,2024-04-08,90tbill_10btc,0.000140833,69360.38,0.0008,-0.0018,0.0056
1546,2024-04-09,90tbill_10btc,0.000139722,71620.0,0.0034,0.0037,0.0086
1547,2024-04-10,90tbill_10btc,0.000144167,69146.0,-0.0033,0.0065,0.004
1548,2024-04-11,90tbill_10btc,0.000143611,70631.08,0.0023,0.008,0.0018
1549,2024-04-12,90tbill_10btc,0.0001425,70006.22,-0.0008,0.0031,0.0018
1550,2024-04-13,90tbill_10btc,0.0001425,67116.52,-0.004,-0.0001,-0.0044
1551,2024-04-14,90tbill_10btc,0.0001425,63924.52,-0.0046,-0.0063,-0.0067
1552,2024-04-15,90tbill_10btc,0.000143333,65661.85,0.0028,-0.0044,-0.0017
1553,2024-04-16,90tbill_10btc,0.000143889,63419.99,-0.0033,-0.0105,0.0009
1554,2024-04-17,90tbill_10btc,0.000143333,63793.4,0.0007,-0.0068,-0.0029
1555,2024-04-18,90tbill_10btc,0.000144,61300.0,-0.0038,-0.0123,-0.0056
1556,2024-04-19,90tbill_10btc,0.000143611,63470.09,0.0037,-0.0084,0.0063
1557,2024-04-20,90tbill_10btc,0.000143611,63818.01,0.0007,-0.004,-0.0021
1558,2024-04-21,90tbill_10btc,0.000143611,64940.58,0.0019,0.0025,0.003
1559,2024-04-22,90tbill_10btc,0.000143333,64941.15,0.0001,-0.0002,0.0056
1560,2024-04-23,90tbill_10btc,0.000142778,66819.32,0.003,0.0063,0.0082
1561,2024-04-24,90tbill_10btc,0.000143611,66414.0,-0.0005,0.005,0.0026
1562,2024-04-25,90tbill_10btc,0.000144722,64289.58,-0.0031,0.0058,-0.0042
1563,2024-04-26,90tbill_10btc,0.000144722,64498.33,0.0005,0.0025,-0.004
1564,2024-04-27,90tbill_10btc,0.000144722,63770.0,-0.001,0.0008,-0.0044
1565,2024-04-28,90tbill_10btc,0.000144722,63461.98,-0.0004,-0.0014,-0.0065
1566,2024-04-29,90tbill_10btc,0.000144444,63118.62,-0.0004,-0.0019,-0.0058
1567,2024-04-30,90tbill_10btc,0.000145833,63866.0,0.0013,-0.0035,-0.0044
1568,2024-05-01,90tbill_10btc,0.000144722,60672.01,-0.0049,-0.0077,-0.011
1569,2024-05-02,90tbill_10btc,0.000143333,58364.97,-0.0037,-0.0083,-0.0123
1570,2024-05-03,90tbill_10btc,0.000142222,59060.6,0.0013,-0.0075,-0.0059
1571,2024-05-04,90tbill_10btc,0.000142222,62882.01,0.0066,-0.0005,-0.0008
1572,2024-05-05,90tbill_10btc,0.000142222,63892.03,0.0017,0.0016,-0.0028
1573,2024-05-06,90tbill_10btc,0.000142222,64012.0,0.0003,0.0023,-0.0017
1574,2024-05-07,90tbill_10btc,0.0001425,63165.18,-0.0012,-0.0002,-0.0044
1575,2024-05-08,90tbill_10btc,0.0001425,62312.07,-0.0012,0.0036,-0.0063
1576,2024-05-09,90tbill_10btc,0.000142222,61193.03,-0.0017,0.0057,-0.0107
1577,2024-05-10,90tbill_10btc,0.000143611,63074.0,0.0032,0.0077,-0.0049
1578,2024-05-11,90tbill_10btc,0.000143611,60799.99,-0.0035,-0.0024,-0.01
1579,2024-05-12,90tbill_10btc,0.000143611,60825.99,0.0002,-0.0039,-0.0092
1580,2024-05-13,90tbill_10btc,0.000143333,61484.0,0.0012,-0.003,-0.0045
1581,2024-05-14,90tbill_10btc,0.000143,62900.0,0.0025,0.0005,0.0023
1582,2024-05-15,90tbill_10btc,0.000141667,61577.49,-0.002,-0.0003,-0.0023
1583,2024-05-16,90tbill_10btc,0.0001425,66206.51,0.0076,0.0091,0.0083
1584,2024-05-17,90tbill_10btc,0.000142778,65235.21,-0.0013,0.0043,0.0061
1585,2024-05-18,90tbill_10btc,0.000142778,67024.0,0.0029,0.0111,0.0132
1586,2024-05-19,90tbill_10btc,0.000142778,66915.2,0.0,0.0109,0.0093
1587,2024-05-20,90tbill_10btc,0.000143056,66274.0,-0.0008,0.0087,0.0077
1588,2024-05-21,90tbill_10btc,0.000142778,71446.62,0.0079,0.0144,0.0139
1589,2024-05-22,90tbill_10btc,0.000143333,70148.34,-0.0017,0.0148,0.0119
1590,2024-05-23,90tbill_10btc,0.000144444,69166.62,-0.0013,0.0054,0.0074
1591,2024-05-24,90tbill_10btc,0.000144722,67969.66,-0.0016,0.0051,0.0062
1592,2024-05-25,90tbill_10btc,0.000144722,68549.99,0.001,0.0032,0.0105
1593,2024-05-26,90tbill_10btc,0.000144722,69290.56,0.0012,0.0045,0.0113
1594,2024-05-27,90tbill_10btc,0.000144722,68507.67,-0.001,0.0043,0.0113
1595,2024-05-28,90tbill_10btc,0.000144722,69436.43,0.0015,-0.0019,0.0133
1596,2024-05-29,90tbill_10btc,0.000145,68398.4,-0.0014,-0.0016,0.0122
1597,2024-05-30,90tbill_10btc,0.000144167,67652.41,-0.001,-0.0013,0.0098
1598,2024-05-31,90tbill_10btc,0.000143889,68352.17,0.0012,0.0015,0.0165
1599,2024-06-01,90tbill_10btc,0.000143889,67540.01,-0.0011,-0.0006,0.0196
1600,2024-06-02,90tbill_10btc,0.000143889,67766.84,0.0005,-0.0013,0.0186
1601,2024-06-03,90tbill_10btc,0.000142778,67765.62,0.0001,-0.0002,0.0116
1602,2024-06-04,90tbill_10btc,0.000141944,68809.89,0.0017,0.0,0.0116
1603,2024-06-05,90tbill_10btc,0.000141111,70537.83,0.0026,0.004,0.0141
1604,2024-06-06,90tbill_10btc,0.000141111,71108.0,0.0009,0.006,0.0164
1605,2024-06-07,90tbill_10btc,0.000143611,70799.06,-0.0003,0.0045,0.0175
1606,2024-06-08,90tbill_10btc,0.000143611,69355.6,-0.0019,0.0036,0.0172
1607,2024-06-09,90tbill_10btc,0.000143611,69310.46,0.0001,0.0032,0.0138
1608,2024-06-10,90tbill_10btc,0.000143333,69648.15,0.0006,0.0037,0.0184
1609,2024-06-11,90tbill_10btc,0.000143611,69540.0,0.0,0.002,0.0182
1610,2024-06-12,90tbill_10btc,0.0001425,67314.23,-0.0031,-0.0037,0.0134
1611,2024-06-13,90tbill_10btc,0.000140833,68263.98,0.0015,-0.0031,0.0123
1612,2024-06-14,90tbill_10btc,0.000140833,66773.01,-0.0021,-0.0048,0.0123
1613,2024-06-15,90tbill_10btc,0.000140833,66043.99,-0.001,-0.0039,0.0036
1614,2024-06-16,90tbill_10btc,0.000140833,66228.25,0.0004,-0.0036,0.0054
1615,2024-06-17,90tbill_10btc,0.000141944,66676.86,0.0008,-0.0034,0.0033
1616,2024-06-18,90tbill_10btc,0.000141389,66504.33,-0.0001,-0.0035,0.0032
1617,2024-06-19,90tbill_10btc,0.000141389,65175.32,-0.0019,-0.0023,0.0022
1618,2024-06-20,90tbill_10btc,0.000141667,64974.37,-0.0002,-0.0039,-0.0052
1619,2024-06-21,90tbill_10btc,0.000141667,64869.99,0.0,-0.002,-0.0037
1620,2024-06-22,90tbill_10btc,0.000141667,64143.56,-0.001,-0.002,-0.0034
1621,2024-06-23,90tbill_10btc,0.000141667,64262.01,0.0003,-0.0021,-0.0016
1622,2024-06-24,90tbill_10btc,0.000141667,63210.01,-0.0015,-0.0043,-0.0039
1623,2024-06-25,90tbill_10btc,0.000141667,60293.3,-0.0045,-0.0084,-0.0091
1624,2024-06-26,90tbill_10btc,0.0001425,61806.01,0.0026,-0.0043,-0.0059
1625,2024-06-27,90tbill_10btc,0.000141667,60864.98,-0.0014,-0.0054,-0.0085
1626,2024-06-28,90tbill_10btc,0.000141389,61706.46,0.0015,-0.004,-0.0059
1627,2024-06-29,90tbill_10btc,0.000141389,60427.84,-0.0019,-0.0049,-0.0068
1628,2024-06-30,90tbill_10btc,0.000141389,60986.68,0.0011,-0.0042,-0.0069
1629,2024-07-01,90tbill_10btc,0.000141667,62772.01,0.0031,0.0002,-0.0032
1630,2024-07-02,90tbill_10btc,0.000140833,62900.0,0.0003,0.0052,-0.0034
1631,2024-07-03,90tbill_10btc,0.00014,62135.46,-0.0011,0.0014,-0.0045
1632,2024-07-04,90tbill_10btc,0.00014,60208.57,-0.003,-0.0002,-0.0087
1633,2024-07-05,90tbill_10btc,0.000138333,57050.02,-0.0051,-0.0067,-0.0153
1634,2024-07-06,90tbill_10btc,0.000138333,56628.79,-0.0006,-0.0054,-0.0165
1635,2024-07-07,90tbill_10btc,0.000138333,58230.13,0.003,-0.0036,-0.0139
1636,2024-07-08,90tbill_10btc,0.000138611,55857.81,-0.0039,-0.0101,-0.0156
1637,2024-07-09,90tbill_10btc,0.000139,56700.0,0.0017,-0.009,-0.0144
1638,2024-07-10,90tbill_10btc,0.000139,58100.0,0.0025,-0.0057,-0.0128
1639,2024-07-11,90tbill_10btc,0.000136389,57725.85,-0.0004,-0.0033,-0.0132
1640,2024-07-12,90tbill_10btc,0.000135278,57339.89,-0.0005,0.0014,-0.011
1641,2024-07-13,90tbill_10btc,0.000135278,57889.09,0.0011,0.0031,-0.0114
1642,2024-07-14,90tbill_10btc,0.000135278,59204.01,0.0024,0.0025,-0.0076
1643,2024-07-15,90tbill_10btc,0.000134722,60797.91,0.0028,0.0097,-0.0042
1644,2024-07-16,90tbill_10btc,0.000134722,64724.06,0.0066,0.015,0.0015
1645,2024-07-17,90tbill_10btc,0.000134722,65044.0,0.0006,0.0129,0.0013
1646,2024-07-18,90tbill_10btc,0.000135,64100.0,-0.0013,0.0119,0.0001
1647,2024-07-19,90tbill_10btc,0.000135278,63987.92,0.0,0.0124,0.0019
1648,2024-07-20,90tbill_10btc,0.000135278,66660.01,0.0043,0.016,0.0063
1649,2024-07-21,90tbill_10btc,0.000135278,67139.97,0.0008,0.0143,0.0072
1650,2024-07-22,90tbill_10btc,0.000135556,68165.35,0.0016,0.013,0.01
1651,2024-07-23,90tbill_10btc,0.000134722,67532.0,-0.0008,0.0052,0.0088
1652,2024-07-24,90tbill_10btc,0.000133889,65936.0,-0.0022,0.0022,0.008
1653,2024-07-25,90tbill_10btc,0.000134167,65376.01,-0.0007,0.0029,0.0121
1654,2024-07-26,90tbill_10btc,0.000133056,65799.95,0.0008,0.0037,0.0102
1655,2024-07-27,90tbill_10btc,0.000133056,67908.0,0.0033,0.0027,0.0153
1656,2024-07-28,90tbill_10btc,0.000133,67900.0,0.0001,0.002,0.0137
1657,2024-07-29,90tbill_10btc,0.000133056,68249.88,0.0006,0.001,0.0166
1658,2024-07-30,90tbill_10btc,0.000132778,66784.68,-0.002,-0.0003,0.0132
1659,2024-07-31,90tbill_10btc,0.000131389,66188.0,-0.0008,0.0012,0.0091
1660,2024-08-01,90tbill_10btc,0.000128333,64628.01,-0.0022,-0.0003,0.0064
1661,2024-08-02,90tbill_10btc,0.000120278,65354.02,0.0012,0.0001,0.0088
1662,2024-08-03,90tbill_10btc,0.000120278,61498.34,-0.0058,-0.0086,0.0058
1663,2024-08-04,90tbill_10btc,0.000120278,60697.99,-0.0012,-0.0098,0.01
1664,2024-08-05,90tbill_10btc,0.000120556,58161.0,-0.0041,-0.014,0.0063
1665,2024-08-06,90tbill_10btc,0.000123889,54018.82,-0.007,-0.0183,-0.0037
1666,2024-08-07,90tbill_10btc,0.000123611,56022.0,0.0038,-0.0146,0.0039
1667,2024-08-08,90tbill_10btc,0.000124444,55133.76,-0.0015,-0.0139,0.0008
1668,2024-08-09,90tbill_10btc,0.000125,61686.0,0.012,-0.0048,0.0098
1669,2024-08-10,90tbill_10btc,0.000125,60837.99,-0.0013,-0.0003,0.0089
1670,2024-08-11,90tbill_10btc,0.000125,60923.51,0.0003,0.0012,0.0098
1671,2024-08-12,90tbill_10btc,0.000124167,58712.59,-0.0035,0.0017,0.0049
1672,2024-08-13,90tbill_10btc,0.000122222,59346.64,0.0012,0.0106,0.0037
1673,2024-08-14,90tbill_10btc,0.000122778,60587.16,0.0022,0.0089,0.0031
1674,2024-08-15,90tbill_10btc,0.000125556,58683.39,-0.003,0.0072,-0.0059
1675,2024-08-16,90tbill_10btc,0.000124722,57541.05,-0.0018,-0.0059,-0.0081
1676,2024-08-17,90tbill_10btc,0.000124722,58874.59,0.0024,-0.0024,-0.0047
1677,2024-08-18,90tbill_10btc,0.000124722,59491.99,0.0012,-0.0016,-0.0036
1678,2024-08-19,90tbill_10btc,0.000124444,58427.35,-0.0017,0.0003,-0.0089
1679,2024-08-20,90tbill_10btc,0.000123056,59438.5,0.0018,0.0009,-0.008
1680,2024-08-21,90tbill_10btc,0.000121111,59013.8,-0.0006,-0.0018,-0.01
1681,2024-08-22,90tbill_10btc,0.000123056,61156.03,0.0037,0.005,-0.006
1682,2024-08-23,90tbill_10btc,0.000121111,60375.83,-0.0012,0.0057,-0.005
1683,2024-08-24,90tbill_10btc,0.000121111,64037.24,0.0062,0.0095,0.0013
1684,2024-08-25,90tbill_10btc,0.000121111,64157.02,0.0003,0.0086,0.0009
1685,2024-08-26,90tbill_10btc,0.000121667,64219.99,0.0002,0.0107,-0.0021
1686,2024-08-27,90tbill_10btc,0.000120556,62834.0,-0.002,0.0065,-0.0041
1687,2024-08-28,90tbill_10btc,0.000121111,59415.0,-0.0053,0.0014,-0.0096
1688,2024-08-29,90tbill_10btc,0.000121667,59034.9,-0.0005,-0.0027,-0.0083
1689,2024-08-30,90tbill_10btc,0.000121667,59359.0,0.0007,-0.0009,-0.007
1690,2024-08-31,90tbill_10btc,0.000121667,59123.99,-0.0003,-0.0069,-0.0052
1691,2024-09-01,90tbill_10btc,0.000121667,58974.0,-0.0001,-0.0073,-0.0064
1692,2024-09-02,90tbill_10btc,0.000121667,57301.77,-0.0027,-0.01,-0.0035
1693,2024-09-03,90tbill_10btc,0.000120833,59132.12,0.0033,-0.0051,0.0007
1694,2024-09-04,90tbill_10btc,0.0001175,57487.74,-0.0027,-0.0025,0.0022
1695,2024-09-05,90tbill_10btc,0.000116944,57970.9,0.0009,-0.001,0.0106
1696,2024-09-06,90tbill_10btc,0.000113889,56180.0,-0.003,-0.0046,0.0036
1697,2024-09-07,90tbill_10btc,0.000113889,53962.97,-0.0038,-0.008,0.0012
1698,2024-09-08,90tbill_10btc,0.000113889,54160.86,0.0005,-0.0074,-0.0089
1699,2024-09-09,90tbill_10btc,0.000114444,54869.95,0.0014,-0.0035,-0.0065
1700,2024-09-10,90tbill_10btc,0.000113056,57042.01,0.0041,-0.0028,-0.0031
1701,2024-09-11,90tbill_10btc,0.000114444,57635.99,0.0011,0.001,0.0014
1702,2024-09-12,90tbill_10btc,0.000113611,57338.0,-0.0004,-0.0004,-0.0001
1703,2024-09-13,90tbill_10btc,0.000111111,58132.31,0.0015,0.0042,-0.0008
1704,2024-09-14,90tbill_10btc,0.000111111,60497.99,0.0042,0.0128,0.0063
1705,2024-09-15,90tbill_10btc,0.000111111,59993.02,-0.0007,0.0115,0.0075
1706,2024-09-16,90tbill_10btc,0.00011,59132.0,-0.0013,0.0085,0.0036
1707,2024-09-17,90tbill_10btc,0.000110833,58213.99,-0.0015,0.0028,0.001
1708,2024-09-18,90tbill_10btc,0.000109722,60313.99,0.0037,0.0053,0.0064
1709,2024-09-19,90tbill_10btc,0.000109167,61759.98,0.0025,0.0084,0.0071
1710,2024-09-20,90tbill_10btc,0.000108889,62948.0,0.002,0.009,0.0098
1711,2024-09-21,90tbill_10btc,0.000108889,63201.05,0.0005,0.0052,0.0065
1712,2024-09-22,90tbill_10btc,0.000108889,63348.97,0.0003,0.0063,0.008
1713,2024-09-23,90tbill_10btc,0.000108611,63578.76,0.0005,0.0082,0.0024
1714,2024-09-24,90tbill_10btc,0.000107778,63339.99,-0.0003,0.0095,0.0018
1715,2024-09-25,90tbill_10btc,0.000108056,64262.7,0.0016,0.0072,0.0032
1716,2024-09-26,90tbill_10btc,0.00011,63152.01,-0.0016,0.0029,0.0036
1717,2024-09-27,90tbill_10btc,0.000108333,65173.99,0.0033,0.0042,0.0128
1718,2024-09-28,90tbill_10btc,0.000108333,65769.95,0.001,0.0047,0.0145
1719,2024-09-29,90tbill_10btc,0.000108333,65858.0,0.0002,0.0046,0.014
1720,2024-09-30,90tbill_10btc,0.000110556,65602.01,-0.0003,0.0039,0.014
1721,2024-10-01,90tbill_10btc,0.00011,63327.6,-0.0034,0.0007,0.0104
1722,2024-10-02,90tbill_10btc,0.000110278,60804.92,-0.0039,-0.0047,0.0091
1723,2024-10-03,90tbill_10btc,0.000111667,60649.27,-0.0002,-0.0033,0.0056
1724,2024-10-04,90tbill_10btc,0.000116667,60752.72,0.0003,-0.0061,0.0087
1725,2024-10-05,90tbill_10btc,0.000116667,62086.0,0.0023,-0.0049,0.0101
1726,2024-10-06,90tbill_10btc,0.000116667,62058.01,0.0001,-0.0051,0.0135
1727,2024-10-07,90tbill_10btc,0.000117778,62819.91,0.0013,-0.0035,0.0194
1728,2024-10-08,90tbill_10btc,0.000116944,62224.01,-0.0008,-0.001,0.0179
1729,2024-10-09,90tbill_10btc,0.000117778,62160.5,0.0,0.003,0.0163
1730,2024-10-10,90tbill_10btc,0.000117222,60636.01,-0.0023,0.0007,0.0093
1731,2024-10-11,90tbill_10btc,0.000116111,60326.4,-0.0004,0.0,0.0077
1732,2024-10-12,90tbill_10btc,0.000116111,62539.99,0.0038,0.0015,0.0121
1733,2024-10-13,90tbill_10btc,0.000116111,63206.23,0.0012,0.0026,0.0118
1734,2024-10-14,90tbill_10btc,0.000116111,62870.02,-0.0004,0.0008,0.0069
1735,2024-10-15,90tbill_10btc,0.000116111,66084.0,0.0052,0.0069,0.0132
1736,2024-10-16,90tbill_10btc,0.000115833,67074.14,0.0016,0.0086,0.0165
1737,2024-10-17,90tbill_10btc,0.000116944,67620.0,0.0009,0.0122,0.0192
1738,2024-10-18,90tbill_10btc,0.000116389,67421.78,-0.0002,0.0125,0.0148
1739,2024-10-19,90tbill_10btc,0.000116389,68427.99,0.0016,0.0101,0.0139
1740,2024-10-20,90tbill_10btc,0.000116389,68377.99,0.0,0.0089,0.0117
1741,2024-10-21,90tbill_10btc,0.000117778,69032.0,0.0011,0.0105,0.0123
1742,2024-10-22,90tbill_10btc,0.000117778,67377.5,-0.0023,0.0027,0.0094
1743,2024-10-23,90tbill_10btc,0.000118611,67426.01,0.0002,0.0013,0.0091
1744,2024-10-24,90tbill_10btc,0.000118056,66668.65,-0.001,-0.0007,0.0084
1745,2024-10-25,90tbill_10btc,0.000119167,68198.27,0.0024,0.0019,0.0092
1746,2024-10-26,90tbill_10btc,0.000119167,66698.32,-0.0021,-0.0018,0.0087
1747,2024-10-27,90tbill_10btc,0.000119167,67092.76,0.0007,-0.0011,0.0061
1748,2024-10-28,90tbill_10btc,0.000118889,68021.69,0.0015,-0.0007,0.0066
1749,2024-10-29,90tbill_10btc,0.000119167,69962.21,0.003,0.0046,0.0094
1750,2024-10-30,90tbill_10btc,0.000118889,72736.41,0.0041,0.0086,0.014
1751,2024-10-31,90tbill_10btc,0.000118611,72344.75,-0.0004,0.0093,0.0174
1752,2024-11-01,90tbill_10btc,0.000118889,70292.01,-0.0027,0.0038,0.0188
1753,2024-11-02,90tbill_10btc,0.000118889,69496.0,-0.001,0.0049,0.0178
1754,2024-11-03,90tbill_10btc,0.000118889,69374.74,-0.0001,0.0042,0.0174
1755,2024-11-04,90tbill_10btc,0.000118056,68775.99,-0.0008,0.0019,0.014
1756,2024-11-05,90tbill_10btc,0.000118611,67850.01,-0.0012,-0.0023,0.0125
1757,2024-11-06,90tbill_10btc,0.000119722,69372.01,0.0024,-0.0039,0.0136
1758,2024-11-07,90tbill_10btc,0.000118889,75571.99,0.009,0.0052,0.0246
1759,2024-11-08,90tbill_10btc,0.00012,75857.89,0.0005,0.0087,0.0252
1760,2024-11-09,90tbill_10btc,0.00012,76509.78,0.001,0.0108,0.0294
1761,2024-11-10,90tbill_10btc,0.00012,76677.46,0.0003,0.0113,0.0303
1762,2024-11-11,90tbill_10btc,0.00012,80370.01,0.0049,0.0176,0.0317
1763,2024-11-12,90tbill_10btc,0.000121667,88648.0,0.0104,0.0314,0.0434
1764,2024-11-13,90tbill_10btc,0.000119722,87952.0,-0.0007,0.0275,0.0431
1765,2024-11-14,90tbill_10btc,0.000121111,90375.21,0.0029,0.0203,0.04
1766,2024-11-15,90tbill_10btc,0.000120556,87325.59,-0.0033,0.0159,0.0334
1767,2024-11-16,90tbill_10btc,0.000120556,91032.08,0.0044,0.0197,0.0378
1768,2024-11-17,90tbill_10btc,0.000120556,90587.98,-0.0004,0.0189,0.0376
1769,2024-11-18,90tbill_10btc,0.000120278,89855.98,-0.0007,0.0126,0.0345
1770,2024-11-19,90tbill_10btc,0.000120556,90464.07,0.0008,0.0028,0.0355
1771,2024-11-20,90tbill_10btc,0.000121389,92310.8,0.0022,0.0057,0.0369
1772,2024-11-21,90tbill_10btc,0.000121944,94286.56,0.0023,0.0051,0.0432
1773,2024-11-22,90tbill_10btc,0.000122778,98317.12,0.0044,0.0134,0.049
1774,2024-11-23,90tbill_10btc,0.000122778,98892.0,0.0007,0.0094,0.0516
1775,2024-11-24,90tbill_10btc,0.000122778,97672.4,-0.0011,0.0086,0.0465
1776,2024-11-25,90tbill_10btc,0.000121389,97900.05,0.0003,0.0097,0.05
1777,2024-11-26,90tbill_10btc,0.000121389,93010.01,-0.0049,0.0036,0.0419
1778,2024-11-27,90tbill_10btc,0.000120556,91965.16,-0.001,0.0004,0.0384
1779,2024-11-28,90tbill_10btc,0.000120556,95863.11,0.0043,0.0024,0.0403
1780,2024-11-29,90tbill_10btc,0.000119444,95643.99,-0.0001,-0.002,0.0347
1781,2024-11-30,90tbill_10btc,0.000119444,97460.0,0.002,-0.0007,0.038
1782,2024-12-01,90tbill_10btc,0.000119444,96407.99,-0.001,-0.0005,0.0404
1783,2024-12-02,90tbill_10btc,0.000119444,97185.17,0.0009,0.0,0.0431
1784,2024-12-03,90tbill_10btc,0.000118611,95840.61,-0.0013,0.0038,0.0414
1785,2024-12-04,90tbill_10btc,0.0001175,95849.69,0.0001,0.005,0.0426
1786,2024-12-05,90tbill_10btc,0.0001175,98587.32,0.003,0.0036,0.0486
1787,2024-12-06,90tbill_10btc,0.000116389,96945.63,-0.0016,0.0021,0.043
1788,2024-12-07,90tbill_10btc,0.000116389,99740.84,0.003,0.0031,0.0352
1789,2024-12-08,90tbill_10btc,0.000116389,99831.99,0.0002,0.0043,0.0348
1790,2024-12-09,90tbill_10btc,0.000116667,101109.6,0.0014,0.0048,0.0354
1791,2024-12-10,90tbill_10btc,0.000117222,97276.48,-0.0037,0.0022,0.0301
1792,2024-12-11,90tbill_10btc,0.000116944,96593.0,-0.0006,0.0015,0.0234
1793,2024-12-12,90tbill_10btc,0.000117222,101125.0,0.0048,0.0033,0.0173
1794,2024-12-13,90tbill_10btc,0.000117778,100004.29,-0.001,0.0039,0.0169
1795,2024-12-14,90tbill_10btc,0.000117778,101424.24,0.0015,0.0024,0.0154
1796,2024-12-15,90tbill_10btc,0.000117778,101420.0,0.0001,0.0023,0.0194
1797,2024-12-16,90tbill_10btc,0.000117778,104463.99,0.0031,0.0041,0.018
1798,2024-12-17,90tbill_10btc,0.000118056,106058.65,0.0016,0.0098,0.0203
1799,2024-12-18,90tbill_10btc,0.000119444,106133.74,0.0002,0.0106,0.0213
1800,2024-12-19,90tbill_10btc,0.000118889,100204.01,-0.0055,-0.0002,0.014
1801,2024-12-20,90tbill_10btc,0.000118611,97461.86,-0.0026,-0.0018,0.0088
1802,2024-12-21,90tbill_10btc,0.000118611,97805.44,0.0005,-0.0028,0.0069
1803,2024-12-22,90tbill_10btc,0.000118611,97292.0,-0.0004,-0.0033,0.0022
1804,2024-12-23,90tbill_10btc,0.000118333,95186.28,-0.0021,-0.0081,-0.0005
1805,2024-12-24,90tbill_10btc,0.000117778,94881.47,-0.0002,-0.0098,0.0003
1806,2024-12-25,90tbill_10btc,0.000117778,98663.58,0.0041,-0.0063,0.004
1807,2024-12-26,90tbill_10btc,0.0001175,99429.61,0.0009,0.0,0.0101
1808,2024-12-27,90tbill_10btc,0.000116667,95791.6,-0.0036,-0.001,0.0073
1809,2024-12-28,90tbill_10btc,0.000116667,94299.03,-0.0015,-0.0028,0.0016
1810,2024-12-29,90tbill_10btc,0.000116667,95300.0,0.0012,-0.0013,0.0028
1811,2024-12-30,90tbill_10btc,0.000115833,93738.19,-0.0015,-0.0008,-0.0006
1812,2024-12-31,90tbill_10btc,0.000115556,92792.05,-0.0009,-0.0015,-0.0006
1813,2025-01-01,90tbill_10btc,0.000115556,93576.0,0.0009,-0.0044,-0.0005
1814,2025-01-02,90tbill_10btc,0.000115833,94591.78,0.0012,-0.0041,0.0019
1815,2025-01-03,90tbill_10btc,0.000116111,96984.79,0.0026,0.002,0.0044
1816,2025-01-04,90tbill_10btc,0.000116111,98174.17,0.0013,0.0048,0.0027
1817,2025-01-05,90tbill_10btc,0.000116111,98220.51,0.0002,0.0038,0.0045
1818,2025-01-06,90tbill_10btc,0.000115833,98363.61,0.0002,0.0057,0.0018
1819,2025-01-07,90tbill_10btc,0.000116389,102235.6,0.004,0.0109,0.0056
1820,2025-01-08,90tbill_10btc,0.000116389,96954.6,-0.0051,0.0043,-0.0009
1821,2025-01-09,90tbill_10btc,0.000115556,95060.61,-0.0018,0.0012,0.0009
1822,2025-01-10,90tbill_10btc,0.000118056,92552.49,-0.0025,-0.0038,-0.001
1823,2025-01-11,90tbill_10btc,0.000118056,94726.1,0.0025,-0.0028,-0.0032
1824,2025-01-12,90tbill_10btc,0.000118056,94599.99,0.0,-0.0029,-0.0022
1825,2025-01-13,90tbill_10btc,0.000117778,94545.07,0.0,-0.0031,-0.0036
1826,2025-01-14,90tbill_10btc,0.000117222,94536.11,0.0001,-0.0068,-0.0036
1827,2025-01-15,90tbill_10btc,0.000116389,96560.85,0.0022,0.0003,-0.0044
1828,2025-01-16,90tbill_10btc,0.000116111,100497.35,0.0042,0.0065,-0.0021
1829,2025-01-17,90tbill_10btc,0.000116944,99987.3,-0.0004,0.0088,-0.0026
1830,2025-01-18,90tbill_10btc,0.000116944,104077.47,0.0042,0.0106,0.007
1831,2025-01-19,90tbill_10btc,0.000116944,104556.23,0.0006,0.0113,0.0104
1832,2025-01-20,90tbill_10btc,0.000116944,101331.57,-0.003,0.0079,0.0068
1833,2025-01-21,90tbill_10btc,0.000116944,102260.0,0.001,0.0089,0.0083
1834,2025-01-22,90tbill_10btc,0.000116667,106143.82,0.0039,0.0107,0.0147
1835,2025-01-23,90tbill_10btc,0.000116111,103706.66,-0.0022,0.0039,0.0125
1836,2025-01-24,90tbill_10btc,0.000115833,103910.35,0.0003,0.0047,0.0085
1837,2025-01-25,90tbill_10btc,0.000115833,104870.51,0.001,0.0015,0.0086
1838,2025-01-26,90tbill_10btc,0.000115833,104746.86,0.0,0.0009,0.0125
1839,2025-01-27,90tbill_10btc,0.000114722,102620.01,-0.0019,0.002,0.012
1840,2025-01-28,90tbill_10btc,0.000115,102082.83,-0.0004,0.0006,0.0103
1841,2025-01-29,90tbill_10btc,0.000115833,101335.52,-0.0006,-0.0038,0.0112
1842,2025-01-30,90tbill_10btc,0.000115556,103733.25,0.0025,0.0008,0.0149
1843,2025-01-31,90tbill_10btc,0.000115833,104722.94,0.0011,0.0015,0.0151
1844,2025-02-01,90tbill_10btc,0.000115833,102429.56,-0.0021,-0.0016,0.0114
1845,2025-02-02,90tbill_10btc,0.000115833,100635.66,-0.0016,-0.0032,0.0069
1846,2025-02-03,90tbill_10btc,0.000116667,97700.59,-0.0028,-0.0041,0.0027
1847,2025-02-04,90tbill_10btc,0.000116111,101328.51,0.0038,0.0,0.0063
1848,2025-02-05,90tbill_10btc,0.000115833,97763.14,-0.0034,-0.0028,0.0025
1849,2025-02-06,90tbill_10btc,0.000116389,96612.44,-0.0011,-0.0061,-0.0024
1850,2025-02-07,90tbill_10btc,0.000118056,96554.35,0.0,-0.0071,0.0027
1851,2025-02-08,90tbill_10btc,0.000118056,96506.8,0.0001,-0.005,0.0047
1852,2025-02-09,90tbill_10btc,0.000118056,96444.75,0.0,-0.0034,0.0074
1853,2025-02-10,90tbill_10btc,0.000117778,96462.75,0.0001,-0.0005,0.005
1854,2025-02-11,90tbill_10btc,0.000118056,97430.82,0.0011,-0.0031,0.0061
1855,2025-02-12,90tbill_10btc,0.000119444,95778.21,-0.0016,-0.0013,0.0045
1856,2025-02-13,90tbill_10btc,0.000118611,97870.0,0.0023,0.002,0.0067
1857,2025-02-14,90tbill_10btc,0.0001175,96608.13,-0.0012,0.0008,0.0032
1858,2025-02-15,90tbill_10btc,0.0001175,97500.47,0.001,0.0018,0.0002
1859,2025-02-16,90tbill_10btc,0.0001175,97569.67,0.0002,0.0019,0.0007
1860,2025-02-17,90tbill_10btc,0.0001175,96118.12,-0.0014,0.0004,-0.0045
1861,2025-02-18,90tbill_10btc,0.00011750000000000001,95780.01,-0.000246015099026069,-0.0009513406614046919,-0.005240780074128532
1862,2025-02-19,90tbill_10btc,0.00011777777777777778,95671.74,-7.040288886989702e-06,0.0006305869285665269,-0.0024314557469108616
1863,2025-02-20,90tbill_10btc,0.00011722222222222221,96644.37,0.001122132497746972,-0.00051230407683663,-0.002337771611578332
1864,2025-02-21,90tbill_10btc,0.00011666666666666667,98305.01,0.00182329978300857,0.0024952067288487876,-0.004231833747692534
1865,2025-02-22,90tbill_10btc,0.00011527777777777778,96181.99,-0.0020558754351634703,-0.0006167806608009086,-0.004104474945726728
1866,2025-02-23,90tbill_10btc,0.00011527777777777778,96551.01,0.00048741850176418943,-0.0003105334583482814,-0.0039316436210396835
1867,2025-02-24,90tbill_10btc,0.00011527777777777778,96258.0,-0.0001997268875022631,0.0008770292716919577,-0.005062268466821606
1868,2025-02-25,90tbill_10btc,0.00011527777777777778,91552.88,-0.004784280085811047,-0.0036841239388834806,-0.009446312545454824
1869,2025-02-26,90tbill_10btc,0.00011444444444444445,88680.39,-0.003034520086752055,-0.006581643824602761,-0.010434975045437046
1870,2025-02-27,90tbill_10btc,0.00011444444444444445,84250.09,-0.004892805724354619,-0.012100627032076464,-0.014320642662948321
1871,2025-02-28,90tbill_10btc,0.00011472222222222222,84708.57,0.0006474393296493916,-0.01310712189554224,-0.013260320278615036
1872,2025-03-01,90tbill_10btc,0.00011333333333333334,84349.95,-0.00032135740055582384,-0.011580970935489071,-0.015541465525157075
1873,2025-03-02,90tbill_10btc,0.00011333333333333334,86064.54,0.0021347101557262363,-0.010142067118821443,-0.014674917668659805
1874,2025-03-03,90tbill_10btc,0.00011333333333333334,94269.99,0.009636065946323555,-0.001348043274325242,-0.004826280509161604
1875,2025-03-04,90tbill_10btc,0.00011277777777777776,86221.16,-0.008436561794638997,-0.0051084007688234415,-0.011186951547890676
1876,2025-03-05,90tbill_10btc,0.00011222222222222223,87281.98,0.0013313476316022578,-0.0008641600699715044,-0.007531814824454998
1877,2025-03-06,90tbill_10btc,0.00011277777777777776,90606.0,0.003909869150195734,0.008255598765947905,-0.007452428027955801
1878,2025-03-07,90tbill_10btc,0.00011166666666666665,89931.88,-0.0006435125378010199,0.006875211990120951,-0.004885692381453786
1879,2025-03-08,90tbill_10btc,0.0001125,86801.74,-0.0033793177363800253,0.003615688148599979,-0.007032696434537826
1880,2025-03-09,90tbill_10btc,0.0001125,86222.46,-0.0005661098939376136,0.0008917402039794974,-0.007583595053459529
1881,2025-03-10,90tbill_10btc,0.0001125,80734.48,-0.006263657705022583,-0.013650238501987752,-0.013231221410304778
1882,2025-03-11,90tbill_10btc,0.00011055555555555555,78595.86,-0.002549454944653137,-0.00813913472620874,-0.015403354961000986
1883,2025-03-12,90tbill_10btc,0.00011194444444444445,82932.99,0.005619017756087925,-0.004277439439446708,-0.010926390823141575
1884,2025-03-13,90tbill_10btc,0.00011305555555555556,83680.12,0.0010026339546240876,-0.0069364529390989645,-0.011017295977597241
1885,2025-03-14,90tbill_10btc,0.00011194444444444445,81115.78,-0.0029637054525017354,-0.009097086513925885,-0.012220482539478453
1886,2025-03-15,90tbill_10btc,0.00011361111111111111,83983.19,0.003637209535616866,-0.0025386123274717797,-0.011103786476959226
1887,2025-03-16,90tbill_10btc,0.00011361111111111111,84338.44,0.0005252513172874303,-0.0014755687164342132,-0.009618723552277646
1888,2025-03-17,90tbill_10btc,0.00011361111111111111,82574.52,-0.00198922809705752,0.0029913753501601935,-0.012230342871398464
1889,2025-03-18,90tbill_10btc,0.00011416666666666667,84010.02,0.001841179723842172,0.007603357109840139,-0.010821652748210587
1890,2025-03-19,90tbill_10btc,0.00011472222222222222,82715.03,-0.0014382208864490258,0.0004539354071582243,-0.010870644667727579
1891,2025-03-20,90tbill_10btc,0.00011388888888888888,86845.93,0.005096634681447849,0.004500978322330312,-0.006258208360022103
1892,2025-03-21,90tbill_10btc,0.00011277777777777776,84223.38,-0.002918273062479714,0.0045470671487101546,-0.008901792240529964
1893,2025-03-22,90tbill_10btc,0.00011222222222222223,84088.79,-5.880123333926289e-05,0.0008399894485729702,-0.009931527597520692
1894,2025-03-23,90tbill_10btc,0.00011222222222222223,83840.59,-0.00019416419489445944,0.00012269977628231207,-0.011656567739299352
1895,2025-03-24,90tbill_10btc,0.00011222222222222223,86082.5,0.0027750150564303014,0.0049595096326324455,-0.007445896176040861
1896,2025-03-25,90tbill_10btc,0.00011416666666666667,87498.16,0.001747288669299811,0.004864552338518674,-0.006320985422084135
1897,2025-03-26,90tbill_10btc,0.00011361111111111111,87392.88,-1.8072530210914547e-05,0.006367130890268691,-0.006156498800099726
1898,2025-03-27,90tbill_10btc,0.00011388888888888888,86909.17,-0.00045098902565061087,0.0007858186110736663,-0.002019161574818846
1899,2025-03-28,90tbill_10btc,0.00011388888888888888,87232.01,0.0004739682811951864,0.0042867028728839785,0.0014192415084665264
1900,2025-03-29,90tbill_10btc,0.00011222222222222223,84424.38,-0.0031175776757866604,0.0011120900570694623,0.0032556221825697836
1901,2025-03-30,90tbill_10btc,0.00011222222222222223,82648.53,-0.0020024800610913673,-0.0007088172844442047,0.000615835495953938
1902,2025-03-31,90tbill_10btc,0.00011222222222222223,82390.0,-0.0002118065314652262,-0.003578239733685703,0.0007231564471881797
1903,2025-04-01,90tbill_10btc,0.00011194444444444445,82550.0,0.00029494832503944085,-0.004945658919913295,-0.001038359811892319
1904,2025-04-02,90tbill_10btc,0.00011138888888888888,85158.35,0.00325997138098124,-0.0018501287754791882,-0.006621972543277033
1905,2025-04-03,90tbill_10btc,0.00011222222222222223,82516.28,-0.003001537801636607,-0.00434857594405746,-0.0012526998438666375
1906,2025-04-04,90tbill_10btc,0.00010888888888888889,83213.09,0.0009424515433802869,-0.003907161981020502,-0.0016240255463384318
1907,2025-04-05,90tbill_10btc,0.00010722222222222222,83889.87,0.000909809540602325,6.087719826902119e-05,-0.004380206128733202
1908,2025-04-06,90tbill_10btc,0.00010722222222222222,83537.99,-0.0003229546969735313,0.0017656957895681906,-0.004082203477787854
1909,2025-04-07,90tbill_10btc,0.00010722222222222222,78430.0,-0.006018071346521514,-0.004121158544726304,-0.006621918413329051
1910,2025-04-08,90tbill_10btc,0.00010722222222222222,79163.24,0.0010313973607038237,-0.0034211771653543293,-0.005169217112571366
1911,2025-04-09,90tbill_10btc,0.00010638888888888888,76322.42,-0.0034928095384928752,-0.00970038210668714,-0.002451401737151218
1912,2025-04-10,90tbill_10btc,0.00011194444444444445,82615.22,0.00834577158081466,0.0008031536117478959,0.008132458928625495
1913,2025-04-11,90tbill_10btc,0.00011027777777777779,79607.3,-0.0035416287630172746,-0.0036487004616100535,-0.0009955929678286046
1914,2025-04-12,90tbill_10btc,0.00011222222222222223,83423.83,0.004895196009662422,0.00013521212635685847,0.002710226538633076
1915,2025-04-13,90tbill_10btc,0.00011222222222222223,85276.91,0.002322283774672056,0.002776841860182419,0.008145114990511092
1916,2025-04-14,90tbill_10btc,0.00011222222222222223,83760.0,-0.0016778050716190385,0.007495618927706228,0.0027482444362973034
1917,2025-04-15,90tbill_10btc,0.00011083333333333333,84591.58,0.0010925627984718317,0.007559647332524538,0.003310397832945452
1918,2025-04-16,90tbill_10btc,0.00011083333333333333,83643.99,-0.001020444232097327,0.010294447917531981,0.004302407392377222
1919,2025-04-17,90tbill_10btc,0.00011,84030.38,0.0005609459210398747,0.00241345313381723,0.0030264852043244412
1920,2025-04-18,90tbill_10btc,0.00011083333333333333,84947.92,0.0011916646146905368,0.007408706362356209,0.005699747298133124
1921,2025-04-19,90tbill_10btc,0.00011083333333333333,84474.7,-0.00045732073227926337,0.0019584260422052047,0.00026811298013621095
1922,2025-04-20,90tbill_10btc,0.00011083333333333333,85077.0,0.000812744541560974,0.00046307546468323164,0.004010769048986144
1923,2025-04-21,90tbill_10btc,0.00011083333333333333,85179.24,0.00021992348989739052,0.002391912607449869,0.004292784030308929
1924,2025-04-22,90tbill_10btc,0.00010972222222222222,87516.22,0.002842352783964727,0.004152865378445477,0.007376819816302595
1925,2025-04-23,90tbill_10btc,0.00011055555555555555,93442.99,0.006871696056913793,0.012411877410827719,0.011540756781285395
1926,2025-04-24,90tbill_10btc,0.00011138888888888888,93691.07,0.0003657380799512149,0.012194663468616954,0.010066760263758703
1927,2025-04-25,90tbill_10btc,0.00011027777777777779,93980.47,0.0004081374958947496,0.011329544340579503,0.010522652401202467
1928,2025-04-26,90tbill_10btc,0.00010972222222222222,94638.68,0.0007991189170739236,0.012726981173061279,0.011874279563192239
1929,2025-04-27,90tbill_10btc,0.00010972222222222222,94628.0,8.746497362390448e-05,0.011920300880378949,0.011456777549691917
1930,2025-04-28,90tbill_10btc,0.00010972222222222222,93749.29,-0.0008298440736357135,0.010755195662229428,0.01402128099584503
1931,2025-04-29,90tbill_10btc,0.00010888888888888889,95011.18,0.0014440261939050478,0.009255831035492622,0.017930350283211317
1932,2025-04-30,90tbill_10btc,0.00010805555555555556,94256.82,-0.0006967197201950202,0.001558937456089549,0.01737122854715379
1933,2025-05-01,90tbill_10btc,0.00010694444444444445,94172.0,6.261816651567171e-06,0.0011973146627527952,0.01704174015748032
1934,2025-05-02,90tbill_10btc,0.00010888888888888889,96489.9,0.002559347321921581,0.0033551611515669076,0.016268196167639453
1935,2025-05-03,90tbill_10btc,0.00011111111111111112,96887.13,0.0005116803934919756,0.0030640756137976775,0.020381525408198254
1936,2025-05-04,90tbill_10btc,0.00011111111111111112,95856.42,-0.0009638255049974178,0.00198765699370166,0.018163169610484354
1937,2025-05-05,90tbill_10btc,0.00011111111111111112,94277.61,-0.0015470571298197846,0.0012550456012520245,0.015355341604922034
1938,2025-05-06,90tbill_10btc,0.00011166666666666665,94733.68,0.0005842521867599337,0.00040317910897433583,0.016379164506202495
1939,2025-05-07,90tbill_10btc,0.00011055555555555555,96834.02,0.002316599557411917,0.0034317318571748957,0.026444786146882584
1940,2025-05-08,90tbill_10btc,0.00011111111111111112,97030.5,0.0003029038967916508,0.0037354033045915998,0.025554147457329927
1941,2025-05-09,90tbill_10btc,0.0001125,103261.61,0.0065230555147608145,0.007720550593896353,0.03828231161321931
1942,2025-05-10,90tbill_10btc,0.0001125,102971.99,-0.0001792220941306238,0.006984109424414784,0.027628209711902964
1943,2025-05-11,90tbill_10btc,0.0001125,104809.53,0.0018857546988020697,0.010045125575313585,0.03464618963838742
1944,2025-05-12,90tbill_10btc,0.0001125,104118.0,-0.0005585468715249425,0.011143424438289225,0.02779431560499559
1945,2025-05-13,90tbill_10btc,0.00011416666666666667,102791.32,-0.0011714581100289961,0.00921607056371084,0.0235297793536961
1946,2025-05-14,90tbill_10btc,0.00011416666666666667,104103.72,0.0013795115008738133,0.00822063221959597,0.02728260888252149
1947,2025-05-15,90tbill_10btc,0.00011499999999999999,103507.83,-0.0004689002946292384,0.007391810777281375,0.025360859182675152
1948,2025-05-16,90tbill_10btc,0.00011388888888888888,103763.71,0.00034970835129090626,0.0012027407239244248,0.027055493598344617
1949,2025-05-17,90tbill_10btc,0.00011472222222222222,103463.9,-0.00018568531274085675,0.0011969624342260297,0.026132528672189733
1950,2025-05-18,90tbill_10btc,0.00011472222222222222,103126.65,-0.00022270910264353606,-0.0008844055162493381,0.024409102992280447
1951,2025-05-19,90tbill_10btc,0.00011472222222222222,106454.27,0.0033299814026005914,0.0029656175349123248,0.029031865782595284
1952,2025-05-20,90tbill_10btc,0.00011444444444444445,105573.73,-0.0007241532931464432,0.0034286030689166924,0.02710772550454294
1953,2025-05-21,90tbill_10btc,0.00011444444444444445,106850.0,0.0013118897493723217,0.003359272925597672,0.028461363412023856
1954,2025-05-22,90tbill_10btc,0.00011472222222222222,109643.99,0.002718121314927481,0.006650458522968759,0.02830819303301719
1955,2025-05-23,90tbill_10btc,0.00011472222222222222,111696.22,0.0019749713775237387,0.008367032554517371,0.02256108168980895
1956,2025-05-24,90tbill_10btc,0.00011527777777777778,107318.3,-0.003815738054295839,0.004448607346862057,0.0175768547017341
1957,2025-05-25,90tbill_10btc,0.00011527777777777778,107761.9,0.0005170998201145391,0.005218465963332463,0.017701142454277986
1958,2025-05-26,90tbill_10btc,0.00011527777777777778,109004.2,0.0012565693174025427,0.0031198289990152454,0.018221332594241604
1959,2025-05-27,90tbill_10btc,0.00011527777777777778,109434.78,0.0004987623022782526,0.004382457148028219,0.018694355962294452
1960,2025-05-28,90tbill_10btc,0.00011499999999999999,108938.17,-0.00035029540215643167,0.0026795504211511454,0.019253844700077204
1961,2025-05-29,90tbill_10btc,0.00011555555555555555,107781.78,-0.0009575103962183347,-0.0009719150248454121,0.016500655030386967
1962,2025-05-30,90tbill_10btc,0.00011472222222222222,105589.75,-0.001930516746104948,-0.004741783709824743,0.01508920888605194
1963,2025-05-31,90tbill_10btc,0.00011416666666666667,103985.47,-0.0014166020204375923,-0.002381806088756534,0.013490793866542066
1964,2025-06-01,90tbill_10btc,0.00011416666666666667,104591.88,0.0006859180137619255,-0.002218939038519169,0.011469463023850168
1965,2025-06-02,90tbill_10btc,0.00011416666666666667,105642.93,0.00110765592577549,-0.002361865126756589,0.01211261359805992
1966,2025-06-03,90tbill_10btc,0.00011444444444444445,105858.0,0.0003065820097000318,-0.0025469124736212743,0.013512667728202235
1967,2025-06-04,90tbill_10btc,0.00011444444444444445,105376.9,-0.0003514767518751547,-0.0025485745585316927,0.014854236184100344
1968,2025-06-05,90tbill_10btc,0.00011277777777777776,104696.86,-0.0005438406771313231,-0.002144940622570904,0.013598791035458566
1969,2025-06-06,90tbill_10btc,0.00011333333333333334,101508.69,-0.0029431438562722923,-0.0031480153068834792,0.00791175793574407
1970,2025-06-07,90tbill_10btc,0.00011499999999999999,104288.43,0.0028419256461195467,0.0010105983970404586,0.010568050087343671
1971,2025-06-08,90tbill_10btc,0.00011499999999999999,105552.15,0.0013152547459483238,0.0016381114250934152,0.005308441252295987
1972,2025-06-09,90tbill_10btc,0.00011499999999999999,105734.01,0.00027579397980049744,0.0008067149506833941,0.005774802245494128
1973,2025-06-10,90tbill_10btc,0.00011472222222222222,110263.02,0.004386649447349079,0.004881753755030336,0.00829748867495638
1974,2025-06-11,90tbill_10btc,0.00011444444444444445,110274.39,0.00011331170740652954,0.005369343542797335,0.009007146905434218
1975,2025-06-12,90tbill_10btc,0.00011333333333333334,108645.13,-0.0013754599977383619,0.004491894616944589,0.008787348553360332
1976,2025-06-13,90tbill_10btc,0.00011277777777777776,105671.74,-0.0026352908713441637,0.004819425968284099,0.0045962093842564075
1977,2025-06-14,90tbill_10btc,0.00011361111111111111,106066.59,0.00047590713860677555,0.0024227905303828953,0.005562544868489665
1978,2025-06-15,90tbill_10btc,0.00011361111111111111,105414.63,-0.0005124204631496025,0.0005862136912890971,0.004680537945732654
1979,2025-06-16,90tbill_10btc,0.00011361111111111111,105594.02,0.00027242561983569966,0.0005831017300393792,0.0051473050518103525
1980,2025-06-17,90tbill_10btc,0.00011388888888888888,106794.53,0.0012394109727993986,-0.0024304011893108053,0.0066446752144087
1981,2025-06-18,90tbill_10btc,0.00011388888888888888,104551.17,-0.001998131933114927,-0.004474231100779606,0.0012997840164137976
1982,2025-06-19,90tbill_10btc,0.00011388888888888888,104886.79,0.00042351027659470205,-0.002742530687500688,0.0024363267690740865
1983,2025-06-20,90tbill_10btc,0.00011388888888888888,104658.59,-0.00011506791298503943,-0.00024177100159419429,0.0010353281469349532
1984,2025-06-21,90tbill_10btc,0.00011305555555555556,103297.98,-0.0011982961787226469,-0.0018945064436171651,-0.002703832055363918
1985,2025-06-22,90tbill_10btc,0.00011305555555555556,102120.02,-0.0010386014376563728,-0.0024101321220071593,-0.00549143247604977
1986,2025-06-23,90tbill_10btc,0.00011305555555555556,100963.87,-0.0010303982310716391,-0.0036703600517339965,-0.0028411057200868834
1987,2025-06-24,90tbill_10btc,0.00011111111111111112,105333.94,0.004428350329677356,-0.0006574136809020093,0.0008214216856792665
1988,2025-06-25,90tbill_10btc,0.00011083333333333333,106083.0,0.0008108788156504969,0.0021723985966154175,0.0003903532620761407
1989,2025-06-26,90tbill_10btc,0.00011083333333333333,107340.59,0.0012852274091984545,0.00304397478037988,0.0011528579202151278
1990,2025-06-27,90tbill_10btc,0.00011,106947.06,-0.0002676180705732991,0.00288760503643322,0.0012330067948405955
1991,2025-06-28,90tbill_10btc,0.00011027777777777779,107047.58,0.00019324042853539544,0.0043286370510343085,0.0023758088005226847
1992,2025-06-29,90tbill_10btc,0.00011027777777777779,107296.79,0.00033205302086230447,0.00576554982974933,0.004670172072810088
1993,2025-06-30,90tbill_10btc,0.00011027777777777779,108356.93,0.0010872944699230884,0.00801798080427187,0.007253914258405517
1994,2025-07-01,90tbill_10btc,0.00011,107146.51,-0.0010180674547534733,0.0024152843929506475,0.005488474501844694
1995,2025-07-02,90tbill_10btc,0.00011055555555555555,105681.13,-0.0012681413725467907,0.00031592398640687466,0.003079159542337577
1996,2025-07-03,90tbill_10btc,0.00011083333333333333,108849.59,0.0030978822114931877,0.0021015555764366586,0.005866040544880871
1997,2025-07-04,90tbill_10btc,0.00011305555555555556,109584.77,0.0007771590667681957,0.0031666198095113597,0.007035411689136815
1998,2025-07-05,90tbill_10btc,0.00011305555555555556,107984.25,-0.001358781422386524,0.0015777534330528456,0.006181912696522141
1999,2025-07-06,90tbill_10btc,0.00011305555555555556,108198.12,0.0002998066610408463,0.0015452844502384583,0.009630257220071504
2000,2025-07-07,90tbill_10btc,0.00011305555555555556,109203.85,0.0010312763170931324,0.001489602062738407,0.0077517936990230026
2001,2025-07-08,90tbill_10btc,0.00011333333333333334,108262.94,-0.0007596088169052683,0.001752715809245693,0.005605449700337703
2002,2025-07-09,90tbill_10btc,0.00011416666666666667,108922.99,0.0007124230792642502,0.003782086427207969,0.006053539966705141
2003,2025-07-10,90tbill_10btc,0.00011305555555555556,111234.0,0.0022234416649092974,0.0029040548748507145,0.003915853487914611
2004,2025-07-11,90tbill_10btc,0.00011305555555555556,116010.01,0.004395410211805728,0.006576760013229944,0.008236225778714336
2005,2025-07-12,90tbill_10btc,0.00011361111111111111,117527.66,0.0014104560763549786,0.009552279583596683,0.011211977710942948
2006,2025-07-13,90tbill_10btc,0.00011361111111111111,117420.0,1.06460320489628e-05,0.009238142546284547,0.014153943339770884
2007,2025-07-14,90tbill_10btc,0.00011361111111111111,119086.65,0.0015216419264179788,0.009765114084462224,0.015311613995391955
2008,2025-07-15,90tbill_10btc,0.00011444444444444445,119841.17,0.0007365890714870285,0.011409796074584711,0.01672226974237351
2009,2025-07-16,90tbill_10btc,0.00011444444444444445,117758.08,-0.0016352089977926564,0.008827817913692974,0.014556898555855723
2010,2025-07-17,90tbill_10btc,0.00011333333333333334,118630.44,0.0008428069153301389,0.007365191717460492,0.014118630368498272
2011,2025-07-18,90tbill_10btc,0.00011388888888888888,119177.56,0.0005636969744021894,0.003446910936090766,0.017025945189446463
2012,2025-07-19,90tbill_10btc,0.00011333333333333334,117924.84,-0.0009491374792368633,0.0010536959779935923,0.015465843023201486
2013,2025-07-20,90tbill_10btc,0.00011333333333333334,117840.01,3.006435014031098e-05,0.0010731988587974841,0.01563018525230465
2014,2025-07-21,90tbill_10btc,0.00011333333333333334,117265.11,-0.00038586486016081376,-0.0008140921079314878,0.0165569534155944
2015,2025-07-22,90tbill_10btc,0.00011277777777777776,117380.36,0.00019978157752975742,-0.001339892836535217,0.017978534088614554
2016,2025-07-23,90tbill_10btc,0.0001125,119954.43,0.0022941807424171987,0.002577637407131634,0.021845263155225732
2017,2025-07-24,90tbill_10btc,0.00011333333333333334,118756.0,-0.0008970710639031786,0.0008185913000912806,0.015781388635609746
2018,2025-07-25,90tbill_10btc,0.00011388888888888888,118340.98,-0.00024697286873926453,1.1788993246717827e-05,0.014597334226501888
2019,2025-07-26,90tbill_10btc,0.00011361111111111111,117614.31,-0.0005117976443578513,0.00045042125603054025,0.012616391727467691
2020,2025-07-27,90tbill_10btc,0.00011361111111111111,117919.99,0.0003621503471601469,0.0007818716846680638,0.013308401143939835
2021,2025-07-28,90tbill_10btc,0.00011361111111111111,119415.56,0.0013705421699704862,0.0025485861683198024,0.014604972185966266
2022,2025-07-29,90tbill_10btc,0.00011361111111111111,118062.32,-0.0010309691550246785,0.001296733053723805,0.013087662928755859
2023,2025-07-30,90tbill_10btc,0.00011305555555555556,117950.75,7.249061851399393e-06,-0.0009553676554504888,0.011910405329359192
2024,2025-07-31,90tbill_10btc,0.00011444444444444445,117840.29,9.350743848593164e-06,-5.433525042945959e-05,0.013041771064101855
2025,2025-08-01,90tbill_10btc,0.00011388888888888888,115764.07,-0.0016593931521638183,-0.0014610297111786494,0.012604408580368136
2026,2025-08-02,90tbill_10btc,0.0001075,113297.92,-0.0020335742016283753,-0.0029647030864909186,0.00713942593511376
2027,2025-08-03,90tbill_10btc,0.0001075,112546.35,-0.0005666072796393761,-0.003857272096083963,0.005750297078394191
2028,2025-08-04,90tbill_10btc,0.0001075,114208.81,0.0015738836431612216,-0.003665943931176137,0.008807072111789455
2029,2025-08-05,90tbill_10btc,0.0001061111111111111,115055.03,0.0008364410885202306,-0.0018604555775288884,0.009372615196363853
2030,2025-08-06,90tbill_10btc,0.00010888888888888889,114129.75,-0.0007062064740672373,-0.002555237667522245,0.007544488403453729
2031,2025-08-07,90tbill_10btc,0.00010833333333333333,114992.27,0.0008532363439418819,-0.0017380974127142626,0.009243728115271958
2032,2025-08-08,90tbill_10btc,0.00010888888888888889,117472.02,0.0022544492987224296,0.002155871417055382,0.010873441997896862
2033,2025-08-09,90tbill_10btc,0.00010916666666666667,116674.74,-0.0005804477869283284,0.0036627283706532282,0.00791275627056477
2034,2025-08-10,90tbill_10btc,0.00010916666666666667,116462.25,-8.387168289383212e-05,0.00416311650100158,0.003407328429460537
2035,2025-08-11,90tbill_10btc,0.00010916666666666667,119294.27,0.0025299564113049457,0.005139273827167978,0.004516644025840375
2036,2025-08-12,90tbill_10btc,0.00010916666666666667,118686.0,-0.000411640374449673,0.0038426050721337398,0.0040876808891159985
2037,2025-08-13,90tbill_10btc,0.00010833333333333333,120134.09,0.0013176017811704905,0.005946977089672059,0.0038838112270561027
2038,2025-08-14,90tbill_10btc,0.00010722222222222222,123306.44,0.002737174266563314,0.007913699038596253,0.005888302210313031
2039,2025-08-15,90tbill_10btc,0.00010861111111111111,118295.09,-0.003966392959605355,0.0013849019509922483,0.0034497781553503525
2040,2025-08-16,90tbill_10btc,0.00010916666666666667,117342.04,-0.0007074047401925185,0.0012566818508873306,0.0019039381089710112
2041,2025-08-17,90tbill_10btc,0.00010916666666666667,117380.66,0.00013116233048274833,0.0014733402942799117,0.001478499715466573
2042,2025-08-18,90tbill_10btc,0.00010916666666666667,117405.01,0.00011899447357851562,-0.0008989471884735207,0.0025416853251613476
2043,2025-08-19,90tbill_10btc,0.00010916666666666667,116227.05,-0.0009050802667407429,-0.0013863113341084869,0.001609978900947998
2044,2025-08-20,90tbill_10btc,0.00010861111111111111,112872.95,-0.0027880670279637997,-0.005357946114525025,-0.0007709959962089361
2045,2025-08-21,90tbill_10btc,0.00010833333333333333,114271.23,0.001336308766848032,-0.006641693724755989,0.0003217349084633906
2046,2025-08-22,90tbill_10btc,0.00010972222222222222,112500.0,-0.0014512726960014296,-0.004211342377988811,-0.003245884912670579
2047,2025-08-23,90tbill_10btc,0.0001075,116936.0,0.004039861111111119,0.0003379688589017203,0.0014281958553673084
2048,2025-08-24,90tbill_10btc,0.0001075,115438.06,-0.0011842413114866233,-0.0009724574691435588,0.0005022366820437016
2049,2025-08-25,90tbill_10btc,0.0001075,113493.59,-0.0015876771291461378,-0.0026505614044068466,-0.0005538372760721067
2050,2025-08-26,90tbill_10btc,0.00010694444444444445,110111.98,-0.0028833103434519926,-0.004581563954023617,-0.0036774473050752566
2051,2025-08-27,90tbill_10btc,0.00010694444444444445,111763.22,0.001595850679235824,-0.000304667357635284,-0.0034701598746427935
2052,2025-08-28,90tbill_10btc,0.00010638888888888888,111262.01,-0.0003527070147495815,-0.001958401250691014,-0.002828432550876534
2053,2025-08-29,90tbill_10btc,0.00010694444444444445,112566.9,0.0012690582208833036,0.0007344666666666521,-0.001639239840039177
2054,2025-08-30,90tbill_10btc,0.00010638888888888888,108377.4,-0.003626036777462999,-0.006645546315933509,-0.005112267067401142
2055,2025-08-31,90tbill_10btc,0.00010638888888888888,108816.33,0.0005007514117334521,-0.005063675746543204,-0.003084637641109204
2056,2025-09-01,90tbill_10btc,0.00010638888888888888,108246.36,-0.0004280408685213011,-0.003952121240613672,-0.0015426520211491899
2057,2025-09-02,90tbill_10btc,0.00010638888888888888,109237.43,0.0010113188930325257,-0.00012348692135951463,-2.5050921242676313e-05
2058,2025-09-03,90tbill_10btc,0.0001061111111111111,111240.01,0.001928736098652269,0.00020210851302422954,0.0003153007981389513
2059,2025-09-04,90tbill_10btc,0.00010472222222222222,111705.72,0.0005129033244648239,0.0010657973972427784,-1.3004773237621989e-06
2060,2025-09-05,90tbill_10btc,0.00010444444444444444,110730.87,-0.0007786947912783723,-0.0009660567315969472,-7.208415421921816e-05
2061,2025-09-06,90tbill_10btc,0.00010138888888888889,110660.0,2.724797418732943e-05,0.00276390866407573,-0.0008709445421418403
2062,2025-09-07,90tbill_10btc,0.00010138888888888889,110187.98,-0.00033529979215616125,0.0019137685269527032,-0.003311159527264451
2063,2025-09-08,90tbill_10btc,0.00010138888888888889,111137.35,0.0009528412552349281,0.0033195003143754696,-0.0018635058621086268
2064,2025-09-09,90tbill_10btc,0.00010111111111111112,112065.23,0.0009258948395836332,0.003232673131544739,-0.0009004894826435236
2065,2025-09-10,90tbill_10btc,0.00010222222222222223,111546.38,-0.000370989278654935,0.0009181634955579524,-0.003625021291194457
2066,2025-09-11,90tbill_10btc,0.00010166666666666667,113960.0,0.0022552815588457345,0.0026578024327670925,-0.001118685527357905
2067,2025-09-12,90tbill_10btc,0.00010083333333333334,115482.69,0.0014269118111618069,0.004929823639017741,-0.0010150902078877003
2068,2025-09-13,90tbill_10btc,0.00010166666666666667,116029.41,0.0005649216011074821,0.005491668805349733,-0.003050331458356919
2069,2025-09-14,90tbill_10btc,0.00010166666666666667,115918.29,-4.268822749342512e-06,0.005840235570204672,0.0008352872761244806
2070,2025-09-15,90tbill_10btc,0.00010166666666666667,115268.01,-0.00046948136023228215,0.004356966297446343,0.0010702419525857876
2071,2025-09-16,90tbill_10btc,0.00010111111111111112,115349.71,0.0001618782948538822,0.003569614461706828,0.001099774594894932
2072,2025-09-17,90tbill_10btc,0.00010055555555555555,116788.96,0.001338227454191261,0.005337160476700375,0.0022970279289401757
2073,2025-09-18,90tbill_10btc,0.0001,116447.6,-0.0002022879011851842,0.002818871182871193,0.0030032578919881405
2074,2025-09-19,90tbill_10btc,0.00010027777777777777,117073.53,0.0006277707389417992,0.002012557104012728,0.0065280116642207
2075,2025-09-20,90tbill_10btc,0.0001,115632.39,-0.0011409699724608936,0.0002910781316779946,0.003988665965396546
2076,2025-09-21,90tbill_10btc,0.0001,115685.63,0.00013604246266985968,0.0004310396548077213,0.0056224211111111115
2077,2025-09-22,90tbill_10btc,0.0001,115232.29,-0.00030187235268547394,0.000599761350156911,0.0013270406376137325
2078,2025-09-23,90tbill_10btc,0.00010027777777777777,112650.99,-0.002149833920921809,-0.0017088484263852923,0.0003634076245304309
2079,2025-09-24,90tbill_10btc,0.00010027777777777777,111998.8,-0.0004886974198140687,-0.0034705520645102058,0.0014539300227440198
2080,2025-09-25,90tbill_10btc,0.00010083333333333334,113307.01,0.0012588071577552535,-0.0020649984782855173,0.005667618879253643
2081,2025-09-26,90tbill_10btc,0.00010222222222222223,108994.49,-0.003714048716668098,-0.0062655754897584445,0.0002861823278713679
2082,2025-09-27,90tbill_10btc,0.00010194444444444445,109643.46,0.0006871654196235129,-0.0045425341088902475,0.0013040306398158796
2083,2025-09-28,90tbill_10btc,0.00010194444444444445,109635.85,8.48093215500485e-05,-0.0045909999819770154,0.00015092063275262127
2084,2025-09-29,90tbill_10btc,0.00010138888888888889,112163.96,0.0023971654464529555,-0.002023234551226909,0.006244114957085169
2085,2025-09-30,90tbill_10btc,0.00010222222222222223,114311.97,0.0020070625566358273,0.002115697761178133,0.007796881684440187
2086,2025-10-01,90tbill_10btc,0.00010222222222222223,114048.94,-0.00013809838777163782,0.0024730017553759574,0.008103281291768145
2087,2025-10-02,90tbill_10btc,0.00010055555555555555,118594.99,0.004076551952784476,0.005306448673343341,0.011302507920934263
2088,2025-10-03,90tbill_10btc,0.00010055555555555555,120529.35,0.0017215638417356362,0.01122122534123056,0.011083218415073866
2089,2025-10-04,90tbill_10btc,0.00010111111111111112,122232.21,0.0015038177078860826,0.012119532961473495,0.012153411800219373
2090,2025-10-05,90tbill_10btc,0.00010111111111111112,122390.99,0.00022090029387507375,0.012271345964048254,0.01325989394269638
2091,2025-10-06,90tbill_10btc,0.00010166666666666667,123482.32,0.0009831751143200896,0.01072840620552271,0.014317131754925006
2092,2025-10-07,90tbill_10btc,0.00010138888888888889,124658.54,0.001043791222095582,0.00968791935697985,0.015862612105240526
2093,2025-10-08,90tbill_10btc,0.00010138888888888889,121332.96,-0.0025765014432625227,0.0070242494077542555,0.011904132587626926
2094,2025-10-09,90tbill_10btc,0.00010166666666666667,123306.01,0.001717645113413524,0.004611110046575308,0.01276056880354416
2095,2025-10-10,90tbill_10btc,0.0001,121662.41,-0.001242943949771781,0.0015778197838327423,0.011797400308553274
2096,2025-10-11,90tbill_10btc,0.0001,112774.49,-0.00721539531478951,-0.007100752250838791,0.0016874639347139444
2097,2025-10-12,90tbill_10btc,0.0001,110644.4,-0.001798804817472467,-0.008961843744441492,-0.001463373570424283
2098,2025-10-13,90tbill_10btc,0.0001,114958.81,0.003989347820585586,-0.006268365694295355,0.0018020529010489578
2099,2025-10-14,90tbill_10btc,0.0001,115166.0,0.00027022977099363404,-0.006981833287795598,0.0020742669965412752
2100,2025-10-15,90tbill_10btc,9.944444444444444e-05,113028.13,-0.0017668378080336147,-0.006214161170386024,0.0007780569145984272
2101,2025-10-16,90tbill_10btc,0.00010027777777777777,110763.28,-0.0019135432150164805,-0.009542034599124569,-0.001254358825934632
2102,2025-10-17,90tbill_10btc,9.833333333333333e-05,108194.27,-0.0022308697405855086,-0.010443341411143345,-0.004640663057878072
2103,2025-10-18,90tbill_10btc,9.888888888888889e-05,106431.68,-0.0015400973634740636,-0.004998080466934513,-0.005883474928637441
2104,2025-10-19,90tbill_10btc,9.888888888888889e-05,107185.0,0.0007967967762981974,-0.0025013429409893257,-0.005729676788361128
2105,2025-10-20,90tbill_10btc,9.888888888888889e-05,108642.77,0.0014490503801838084,-0.004869926566371901,-0.0033289404193539494
2106,2025-10-21,90tbill_10btc,9.861111111111111e-05,110532.09,0.0018277704612787399,-0.0034004288635534814,-0.0017405297336626946
2107,2025-10-22,90tbill_10btc,9.888888888888889e-05,108297.66,-0.0019325215327964888,-0.003562964777949531,-0.0033047072930469275
2108,2025-10-23,90tbill_10btc,9.861111111111111e-05,107567.45,-0.0005855120292996216,-0.0022630293091717734,-0.0018011456500737432
2109,2025-10-24,90tbill_10btc,9.972222222222222e-05,110078.19,0.002423857576223099,0.002365238237477827,0.0009966512694778882
2110,2025-10-25,90tbill_10btc,9.944444444444444e-05,111004.9,0.0009313652232562884,0.004921109731989566,0.0006770045678330021
2111,2025-10-26,90tbill_10btc,9.944444444444444e-05,111646.27,0.000667285304973033,0.004786964862154223,0.005139448674744928
2112,2025-10-27,90tbill_10btc,9.944444444444444e-05,114559.41,0.002698758688176497,0.006071458345870606,0.007187827953486684
2113,2025-10-28,90tbill_10btc,9.972222222222222e-05,114107.65,-0.0003045956063539519,0.0038613614777844234,0.006781275327595841
2114,2025-10-29,90tbill_10btc,9.972222222222222e-05,112898.44,-0.0009699598441690767,0.0048757727696978805,0.0033558270941931776
2115,2025-10-30,90tbill_10btc,0.00010277777777777778,111372.71666666666,-0.0012577253357626671,0.004149075961801013,0.00012755237927816482
2116,2025-10-31,90tbill_10btc,0.00010277777777777778,109441.205,-0.0016417772309735245,6.459621795735463e-05,-0.0013344535143053888
2117,2025-11-01,90tbill_10btc,0.00010277777777777778,110071.40499999998,0.0006683343029939939,-0.00020504450061038587,-0.004458400939747498
2118,2025-11-02,90tbill_10btc,0.00010277777777777778,110892.175,0.0008381705036153811,-3.531980315882668e-05,-0.005274808238081153
2119,2025-11-03,90tbill_10btc,0.00010277777777777778,107476.43333333333,-0.00298773687574589,-0.005535993569633018,-0.009343436213027644
2120,2025-11-04,90tbill_10btc,0.00010277777777777778,104499.325,-0.002677510355758612,-0.007773624861971719,-0.011901299606697788
2121,2025-11-05,90tbill_10btc,0.00010194444444444445,101987.805,-0.002311633945302995,-0.009017028047861121,-0.014688857888874203
2122,2025-11-06,90tbill_10btc,0.00010305555555555556,103210.325,0.0012914423338530575,-0.006681646978508948,-0.014504928892073799
2123,2025-11-07,90tbill_10btc,0.00010138888888888889,102017.68333333335,-0.0010642949192381163,-0.006138613971256672,-0.01321470266530288
2124,2025-11-08,90tbill_10btc,0.00010083333333333334,102371.55,0.00043761796945822,-0.006353077260517825,-0.014265173916305534
2125,2025-11-09,90tbill_10btc,0.00010083333333333334,101943.89833333333,-0.0003269946435720378,-0.00742884904709613,-0.013489075153958172
2126,2025-11-10,90tbill_10btc,0.00010083333333333334,106465.48333333334,0.004526115994358431,-0.0003018748129434912,-0.0028739831710439486
2127,2025-11-11,90tbill_10btc,0.00010166666666666667,104785.72833333333,-0.0014862460895385676,0.0009133219457597686,-0.0025858936056781063
2128,2025-11-12,90tbill_10btc,0.00010166666666666667,103121.545,-0.0014966774739775702,0.0017496427106162343,-0.007578614667792686
2129,2025-11-13,90tbill_10btc,0.00010138888888888889,103474.28833333333,0.0004333156016483559,0.0008935028360978667,-0.0074343563896447275
2130,2025-11-14,90tbill_10btc,0.00010222222222222223,97151.72499999999,-0.006018274769869162,-0.0041299704781981705,-0.011315698171777829
2131,2025-11-15,90tbill_10btc,0.00010277777777777778,96330.555,-0.0007527448991512984,-0.005259048680028786,-0.010295558389684425
2132,2025-11-16,90tbill_10btc,0.00010277777777777778,96094.45,-0.0001525987643536351,-0.005094159211797032,-0.008460950114242098
2133,2025-11-17,90tbill_10btc,0.00010277777777777778,95667.63500000001,-0.00035166196773069405,-0.009497361786151653,-0.00738674315469056
2134,2025-11-18,90tbill_10btc,0.0001025,90503.75,-0.005305484563000334,-0.01298444801374192,-0.012824736714501907
2135,2025-11-19,90tbill_10btc,0.00010194444444444445,91877.84500000002,0.0016100241046641858,-0.010258097113350548,-0.012698582000482546
2136,2025-11-20,90tbill_10btc,0.00010222222222222223,92321.69166666665,0.000575083453542732,-0.01013263324092607,-0.013740532666337187
2137,2025-11-21,90tbill_10btc,0.00010138888888888889,84064.66666666667,-0.00885250400941796,-0.01282724211325977,-0.01964386681914225
2138,2025-11-22,90tbill_10btc,0.00010055555555555555,84582.58333333333,0.0007065931663719005,-0.01155472802529184,-0.018641182918120145
2139,2025-11-23,90tbill_10btc,0.00010055555555555555,85784.21666666667,0.0015111628433158565,-0.010090520351548215,-0.019320050365456334
2140,2025-11-24,90tbill_10btc,0.00010055555555555555,87047.365,0.0015629717231394238,-0.00837364398633875,-0.018839859843670325
2141,2025-11-25,90tbill_10btc,0.00010027777777777777,87384.58333333333,0.00047764637131270934,-0.0028112001931319673,-0.018986840225530942
2142,2025-11-26,90tbill_10btc,0.0001,87935.685,0.0007206623498614884,-0.003657653530238997,-0.02049292237295145
2143,2025-11-27,90tbill_10btc,0.00010027777777777777,91405.11499999999,0.004035667608335,-0.0003605574866479065,-0.017150097526052295
2144,2025-11-28,90tbill_10btc,0.00010027777777777777,90913.82833333332,-0.0004472326853690506,0.008779491613599045,-0.016727941177576058
2145,2025-11-29,90tbill_10btc,0.00010027777777777777,90564.91666666667,-0.00029353283377020765,0.007704522073841072,-0.015941281735929333
2146,2025-11-30,90tbill_10btc,0.00010027777777777777,90965.05500000001,0.0005320748788392143,0.0066708840902745805,-0.014142761119109564
2147,2025-12-01,90tbill_10btc,0.00010027777777777777,86552.41666666667,-0.004760665918572618,6.29034280838532e-05,-0.01862977836975082
2148,2025-12-02,90tbill_10btc,0.00010055555555555555,87015.415,0.0006254340332303276,0.00020978608330989213,-0.018796010226037142
2149,2025-12-03,90tbill_10btc,9.972222222222222e-05,92984.205,0.006949212774498071,0.006372150478329704,-0.01075209868457985
2150,2025-12-04,90tbill_10btc,9.916666666666666e-05,93398.52499999998,0.0005348310532552063,0.00281035169522515,-0.007893843736071996
2151,2025-12-05,90tbill_10btc,0.0001,92256.30166666665,-0.0011329565010082655,0.0021066437163015403,-0.00681483035249493
2152,2025-12-06,90tbill_10btc,0.00010027777777777777,89583.73833333334,-0.002806639735499708,-0.0004531478205320506,-0.010476485934284338
2153,2025-12-07,90tbill_10btc,0.00010027777777777777,89378.74166666665,-0.00013858245383655828,-0.0011136211308791601,-0.009663221454458653
2154,2025-12-08,90tbill_10btc,0.00010027777777777777,91564.03833333333,0.002535234820682117,0.006420273524039847,-0.007831893724664397
2155,2025-12-09,90tbill_10btc,0.00010027777777777777,90486.58333333333,-0.0010864728921004903,0.004619641847261579,-0.008514093312168812
2156,2025-12-10,90tbill_10btc,0.00010083333333333334,92776.92166666668,0.0026218858313709677,0.0004095768343577031,-0.010132776591521285
2157,2025-12-11,90tbill_10btc,9.944444444444444e-05,90272.45166666666,-0.0026099536518447964,-0.0027162764475090165,-0.01112918258992156
2158,2025-12-12,90tbill_10btc,9.888888888888889e-05,92428.01666666666,0.002476843644658605,0.0008151282068518655,-0.007651329440912015
2159,2025-12-13,90tbill_10btc,9.833333333333333e-05,90330.69166666667,-0.002180644222323638,0.0014605546025205827,-0.009987782739385196
2160,2025-12-14,90tbill_10btc,9.833333333333333e-05,90250.13500000001,-6.797297024155145e-07,0.0015999447319175485,-0.004393429446440594
2161,2025-12-15,90tbill_10btc,9.833333333333333e-05,89753.47499999999,-0.00046181496628787925,-0.0013541238317898302,-0.0041211155992249785
2162,2025-12-16,90tbill_10btc,9.777777777777778e-05,86009.06666666667,-0.004083881181573556,-0.0043282658110456495,-0.007793781812147661
2163,2025-12-17,90tbill_10btc,9.75e-05,87043.97499999999,0.0012910049281626005,-0.005561280971688506,-0.006317437504478411
2164,2025-12-18,90tbill_10btc,9.75e-05,86832.97833333333,-0.00015465237956349996,-0.003193352938196103,-0.0013631832256029925
2165,2025-12-19,90tbill_10btc,9.694444444444445e-05,87951.69833333332,0.0013756084341716994,-0.00422803190176284,-0.0015857245914852477
2166,2025-12-20,90tbill_10btc,9.75e-05,88275.90500000001,0.000456368995210257,-0.001659988108116248,-0.001697770941561828
2167,2025-12-21,90tbill_10btc,9.75e-05,88144.06166666666,-6.16037034067849e-05,-0.0017195957706139168,0.0075344368204636036
2168,2025-12-22,90tbill_10btc,9.75e-05,89180.01666666666,0.0012630475531325706,-2.5176050866917033e-05,0.008114437358557871
2169,2025-12-23,90tbill_10btc,9.805555555555555e-05,87576.22833333333,-0.001710121869931248,0.0024368389115566186,0.004766225963527085
2170,2025-12-24,90tbill_10btc,9.777777777777778e-05,86913.94166666667,-0.0006682402255391288,0.0004653619081380094,0.002521473294457751
2171,2025-12-25,90tbill_10btc,9.722222222222222e-05,87834.42833333334,0.0011465782664039454,0.001767806058621717,0.0031865376007877136
2172,2025-12-26,90tbill_10btc,9.722222222222222e-05,88459.15000000001,0.0007987491975194813,0.0011912163079653986,0.003264281653858737
2173,2025-12-27,90tbill_10btc,9.694444444444445e-05,87539.38500000001,-0.0009525124214114609,-0.0002208386567376544,-0.0015634772155666333
2174,2025-12-28,90tbill_10btc,9.694444444444445e-05,87729.78499999999,0.0003047520991979526,0.00014300048008527883,-0.0008395151577921837
2175,2025-12-29,90tbill_10btc,9.694444444444445e-05,89609.11666666665,0.0022294320042835773,0.001093161605524094,0.0016043744360628776
2176,2025-12-30,90tbill_10btc,9.666666666666667e-05,87496.58333333333,-0.0022704982233020463,0.0005198063712142777,-0.0011567215489829354
2177,2025-12-31,90tbill_10btc,9.63888888888889e-05,88613.63833333332,0.0013634341371901095,0.0025653587712433446,0.0050337221137191305
2178,2026-01-01,90tbill_10btc,9.666666666666667e-05,87629.85833333334,-0.0010231902805292218,0.0003765958826945897,0.0033558815898261755
2179,2026-01-02,90tbill_10btc,9.666666666666667e-05,88861.13500000001,0.0014920880488509334,0.001063680095699543,-0.0017866616944512107
2180,2026-01-03,90tbill_10btc,9.666666666666667e-05,89581.86499999999,0.0008980744928027103,0.0029422126447997982,-0.0014419242770429101
2181,2026-01-04,90tbill_10btc,9.666666666666667e-05,91527.08333333333,0.0022584421030789354,0.00493715264379235,0.001850823416493457
2182,2026-01-05,90tbill_10btc,9.666666666666667e-05,92526.15000000001,0.0011785530466847346,0.0038640363389830213,0.0059225377089737
2183,2026-01-06,90tbill_10btc,9.666666666666667e-05,93254.35833333334,0.0008740297568128848,0.00718957124135325,0.006970922779340064
2184,2026-01-07,90tbill_10btc,9.666666666666667e-05,92882.445,-0.0003118160338886715,0.005426324677053581,0.0040713738747925185
2185,2026-01-08,90tbill_10btc,9.666666666666667e-05,90549.67166666668,-0.0024245330817716224,0.0039409845414182096,0.002697471201761963
2186,2026-01-09,90tbill_10btc,9.666666666666667e-05,90752.25,0.0003107206713228801,0.002737168855822055,0.0004429490243963766
2187,2026-01-10,90tbill_10btc,9.666666666666667e-05,90676.46500000001,3.4924285623867636e-06,0.001830899097546153,0.0030707988655444786
2188,2026-01-11,90tbill_10btc,9.666666666666667e-05,90710.59833333333,0.00012464299075104116,-0.0002830692873238822,0.0007636355502146585
2189,2026-01-12,90tbill_10btc,9.666666666666667e-05,91412.83166666667,0.0008611469533172341,-0.0005942472261445437,0.003818225992471356
2190,2026-01-13,90tbill_10btc,9.666666666666667e-05,91951.50166666666,0.0006762717577814955,-0.000788100028300735,0.004503918001872418
2191,2026-01-14,90tbill_10btc,9.666666666666667e-05,95209.70166666666,0.003630389657529783,0.0031145936745276734,0.00869687581286314
2192,2026-01-15,90tbill_10btc,9.666666666666667e-05,96614.77500000001,0.0015627669740974146,0.0073070953345257,0.014947918988385742
2193,2026-01-16,90tbill_10btc,9.833333333333333e-05,95651.81666666667,-0.0009081988313467983,0.006015337678037372,0.0
2194,2026-01-17,90tbill_10btc,9.861111111111111e-05,95101.52499999998,-0.0004865570729271892,0.005497553495689274,0.0
2195,2026-01-18,90tbill_10btc,9.861111111111111e-05,95033.85833333334,1.759796887679943e-05,0.005384242154646992,0.0
2196,2026-01-19,90tbill_10btc,9.861111111111111e-05,92840.505,-0.002219220413702554,0.0021805365755863436,0.0
2197,2026-01-20,90tbill_10btc,9.861111111111111e-05,91208.40833333334,-0.0016692075495271894,-0.00018838615858836848,0.0
2198,2026-01-21,90tbill_10btc,9.805555555555555e-05,89163.56833333334,-0.002153692423254284,-0.00573033324072487,0.0
2199,2026-01-22,90tbill_10btc,9.805555555555555e-05,89817.69833333332,0.0008218792302194015,-0.0064154852077274865,0.0
2200,2026-01-23,90tbill_10btc,9.805555555555555e-05,89553.82166666666,-0.00020554139252417864,-0.0057559504013166615,0.0
2201,2026-01-24,90tbill_10btc,9.805555555555555e-05,89628.42833333334,0.00017155930526267988,-0.005136254103947481,0.0
2202,2026-01-25,90tbill_10btc,9.805555555555555e-05,88660.665,-0.0009915004221921495,-0.0060879844359199116,0.0
2203,2026-01-26,90tbill_10btc,9.805555555555555e-05,87997.8,-0.0006593927116805296,-0.004598405383902754,0.0
2204,2026-01-27,90tbill_10btc,9.777777777777778e-05,88326.61666666665,0.0004616646446464098,-0.0025423179820820794,0.0
2205,2026-01-28,90tbill_10btc,9.722222222222222e-05,89141.15166666666,0.001009685215215432,0.0005908589394909737,0.0
2206,2026-01-29,90tbill_10btc,9.777777777777778e-05,88351.4,-0.0007979563197252008,-0.0010162771750914473,0.0
2207,2026-01-30,90tbill_10btc,9.722222222222222e-05,82822.63333333333,-0.0061702012550640525,-0.006901360785124122,0.0
2208,2026-01-31,90tbill_10btc,9.666666666666667e-05,83541.78333333334,0.000955301297672658,-0.0061777259360762385,0.0
2209,2026-02-01,90tbill_10btc,9.666666666666667e-05,78353.75,-0.006123106040749674,-0.01101312710681788,0.0
2210,2026-02-02,90tbill_10btc,9.666666666666667e-05,76636.93833333334,-0.0021041033826289897,-0.012299392835578467,0.0
2211,2026-02-03,90tbill_10btc,9.694444444444445e-05,78785.23333333334,0.0028904608885351904,-0.010191387426817529,0.0
2212,2026-02-04,90tbill_10btc,9.694444444444445e-05,76520.455,-0.002787372867144738,-0.013547853671198165,0.0
2213,2026-02-05,90tbill_10btc,9.694444444444445e-05,70741.33333333333,-0.007465138007450651,-0.019321847901297175,0.0
2214,2026-02-06,90tbill_10btc,9.555555555555555e-05,64848.67166666667,-0.008243870796893836,-0.021094001010895164,0.0
2215,2026-02-07,90tbill_10btc,9.583333333333334e-05,68116.16666666667,0.005124895998480096,-0.017857302767706855,0.0
2216,2026-02-08,90tbill_10btc,9.583333333333334e-05,69704.41666666667,0.0024179284806348025,-0.010432324987104424,0.0
2217,2026-02-09,90tbill_10btc,9.583333333333334e-05,70422.765,0.0011168135821737714,-0.007503087671267231,0.0
2218,2026-02-10,90tbill_10btc,9.527777777777779e-05,68916.61833333333,-0.002052971288019108,-0.011922470391236608,0.0
2219,2026-02-11,90tbill_10btc,9.444444444444444e-05,67036.95,-0.0026424529406562387,-0.011792924738522542,0.0
2220,2026-02-12,90tbill_10btc,9.63888888888889e-05,67232.33333333333,0.00037820617951493733,-0.004357324939686367,0.0
2221,2026-02-13,90tbill_10btc,9.583333333333334e-05,66210.415,-0.0014337304657481276,0.002702378530022825,0.0
2222,2026-02-14,90tbill_10btc,9.499999999999999e-05,69213.88833333332,0.0046217551093107045,0.0022125435151224265,0.0
2223,2026-02-15,90tbill_10btc,9.499999999999999e-05,70819.03333333333,0.002404608257969327,0.002199311752423614,0.0
2224,2026-02-16,90tbill_10btc,9.499999999999999e-05,68589.88333333335,-0.003062170753295573,-0.002002683474110468,0.0
2225,2026-02-17,90tbill_10btc,9.499999999999999e-05,68383.27500000001,-0.0002157227507798171,-0.0001733965524304532,0.0
2226,2026-02-18,90tbill_10btc,9.666666666666667e-05,68112.71666666667,-0.00030864986224093217,0.0022069868901280335,0.0
2227,2026-02-19,90tbill_10btc,9.694444444444445e-05,67212.1425,-0.0012349321280069434,0.0005734685667114646,0.0
2228,2026-02-20,90tbill_10btc,9.722222222222222e-05,67823.58666666667,0.0009972227731829305,0.0030421818916694216,0.0
2229,2026-02-21,90tbill_10btc,9.75e-05,67856.03499999999,0.00013559225507388218,-0.001353572064950214,0.0
2230,2026-02-22,90tbill_10btc,9.75e-05,68006.33166666668,0.00030924344073330023,-0.003361174752220533,0.0
2231,2026-02-23,90tbill_10btc,9.75e-05,65957.58166666667,-0.0029248371368006927,-0.003224990405351342,0.0
2232,2026-02-24,90tbill_10btc,9.722222222222222e-05,63195.67166666667,-0.004099903373819876,-0.006973070326894024,0.0
2233,2026-02-25,90tbill_10btc,9.777777777777778e-05,65028.168333333335,0.0029877186331563896,-0.003914343901824018,0.0
2234,2026-02-26,90tbill_10btc,9.805555555555555e-05,67826.515,0.004391533851272543,0.0015293296248237494,0.0
2235,2026-02-27,90tbill_10btc,9.777777777777778e-05,67689.03499999999,-0.00011469359261640974,0.0004168652296280601,0.0
2236,2026-02-28,90tbill_10btc,9.666666666666667e-05,63829.291666666664,-0.005615169241049637,-0.005320744954532531,0.0
2237,2026-03-01,90tbill_10btc,9.666666666666667e-05,67132.46500000001,0.0052620117337716845,-0.0006722283913502777,0.0
2238,2026-03-02,90tbill_10btc,9.666666666666667e-05,65954.08333333333,-0.0016683082054512448,0.0006069460861133217,0.0
2239,2026-03-03,90tbill_10btc,9.833333333333333e-05,68165.88500000001,0.0034420477333346943,0.008479050234340953,0.0
2240,2026-03-04,90tbill_10btc,9.861111111111111e-05,69509.98833333333,0.002060562341808987,0.007507120929850365,0.0
2241,2026-03-05,90tbill_10btc,9.944444444444444e-05,72052.90166666667,0.0037478423394330966,0.006848421786825063,0.0
2242,2026-03-06,90tbill_10btc,9.972222222222222e-05,71046.95,-0.0013063792930580905,0.005581046087579045,0.0
2243,2026-03-07,90tbill_10btc,9.861111111111111e-05,67847.28333333334,-0.004414844688676515,0.006915902484034571,0.0
2244,2026-03-08,90tbill_10btc,9.861111111111111e-05,67317.43500000001,-0.000692192592395606,0.0008982798796193407,0.0
2245,2026-03-09,90tbill_10btc,9.861111111111111e-05,67548.88333333335,0.0004325663283157492,0.0030410458879852205,0.0
2246,2026-03-10,90tbill_10btc,9.888888888888889e-05,70394.37833333333,0.0043014974678831025,0.0038927208622147502,0.0
2247,2026-03-11,90tbill_10btc,9.888888888888889e-05,69650.36166666668,-0.0009679262550250258,0.0008249469959629428,0.0
2248,2026-03-12,90tbill_10btc,0.0001,69828.21666666666,0.00034535402221048554,-0.002463321698766445,0.0
2249,2026-03-13,90tbill_10btc,0.00010166666666666667,71616.45,0.002652403627067668,0.0014300826154395002,0.0
2250,2026-03-14,90tbill_10btc,0.00010166666666666667,70596.75833333335,-0.001332323251036116,0.004683696708133983,0.0
2251,2026-03-15,90tbill_10btc,0.00010166666666666667,71454.695,0.0013067635431442738,0.006779896675950291,0.0
2252,2026-03-16,90tbill_10btc,0.00010166666666666667,73442.57666666668,0.002873516866304815,0.009361578850304203,0.0
2253,2026-03-17,90tbill_10btc,0.00010111111111111112,74251.44166666667,0.0011923570556915208,0.006117220677351915,0.0
2254,2026-03-18,90tbill_10btc,0.00010083333333333334,73883.935,-0.0004041988635069166,0.006716822110650892,0.0
2255,2026-03-19,90tbill_10btc,0.00010222222222222223,70203.0,-0.0048900505634953,0.0011769719030129489,0.0
2256,2026-03-20,90tbill_10btc,0.00010361111111111111,70854.55166666668,0.0010213466150544633,-0.0004206093972939426,0.0
2257,2026-03-21,90tbill_10btc,0.00010555555555555555,70705.08333333333,-0.00011595092667655634,0.0008019418896240285,0.0
2258,2026-03-22,90tbill_10btc,0.00010555555555555555,68909.68333333333,-0.0024442799433326843,-0.002909713707778991,0.0
2259,2026-03-23,90tbill_10btc,0.00010555555555555555,68317.515,-0.000764339797672365,-0.006322324970715222,0.0
2260,2026-03-24,90tbill_10btc,0.00010444444444444444,71293.62166666667,0.004450286475974236,-0.0033252686140605664,0.0
